model,n_seeds,mean_macro_f1_mean,mean_macro_f1_std,pooled_macro_f1_mean,pooled_macro_f1_std,mean_acc_mean,pooled_acc_mean,pooled_cross_step_rate_mean,pooled_ece_mean,worst_fold_first_seed,worst_fold_macro_f1_first_seed,description
B1_R2_reference,1,0.6381973706626417,,0.6646302333540495,,0.6627208003595129,0.6592047128129602,0.030927835051546393,0.11009494810034916,rf_robusta,0.3845173667974892,"B1 Lab_hist LogReg C=0.01, original R2 protocol reproduction (fixed T=1)"
B1,3,0.6381973706626417,0.0,0.6646302333540495,0.0,0.6627208003595129,0.6592047128129602,0.030927835051546393,0.23156753193045967,rf_robusta,0.3845173667974892,B1 + group-guarded inner temperature
B1_qa,3,0.6381973706626417,0.0,0.6646302333540495,0.0,0.6627208003595129,0.6592047128129602,0.030927835051546393,0.23156753193045967,rf_robusta,0.3845173667974892,B1 with QA training mask (identical to reference: 0 hard exclusions)
B1_sel_drop_coffeetest,3,0.6356240466407055,0.0,0.6627654548440852,0.0,0.6619310835172032,0.6580265095729013,0.030927835051546393,0.22779901424969373,rf_robusta,0.3845173667974892,"B1, training mask drops rf_robusta Coffee-Test video (user decision)"
B1_sel_strict,3,0.6092684207497986,0.0,0.6513786626382563,0.0,0.6442942560055411,0.6421207658321061,0.030633284241531663,0.13703658306870894,rf_robusta,0.3683597883597884,"B1, training uses only keep_* categories (no rf_boos / Coffee-Test / robusta full-frame)"
SVM_RBF,3,0.4562095715035273,0.0,0.46163059239618764,0.0,0.4842067188186981,0.47393225331369654,0.12223858615611193,0.29012031565256485,rf_boos,0.21293319042515188,B2 SVM-RBF on same 15 features
RandomForest,3,0.45359777908190363,0.006533487140737106,0.46764330289758144,0.012677256445583233,0.5313917358160732,0.5263622974963181,0.09081983308787432,0.2120900776582335,rf_boos,0.19156486475187093,B2 RandomForest on same 15 features
MLP,1,0.4478449078668248,,0.48544522003045437,,0.4929303157205868,0.4980854197349043,0.04005891016200295,0.24030103065095398,rf_boos,0.23802796341780744,small MLP on same 15 features (1 seed: not top-3)
D1_finetune,3,0.43894506981262166,0.019446476320815025,0.5212772447600721,0.027151052592115688,0.5676257859679312,0.5628865979381443,0.08296514482081492,0.23718484034914145,rf_boos,0.282509854526025,"MobileNetV3-S fine-tune, aug none/mild, <=4 epochs"
D1_finetune_onnx_fp32,1,0.4184123475543227,,0.5404411650366491,,0.557629312933817,0.5552282768777614,0.10633284241531664,0.25524146633332856,rf_boos,0.282509854526025,D1_finetune seed 20261006 exported ONNX FP32
D1_finetune_medaug,3,0.41140325734513555,0.04150322937910802,0.5367424065906065,0.029962741852934155,0.5649088894719895,0.5617083946980855,0.08483063328424152,0.24902630154216795,rf_boos,0.3026428670264287,"MobileNetV3-S fine-tune, medium aug, <=6 epochs"
D1_finetune_sel_drop_coffeetest,3,0.40592681844978257,0.03229293644378672,0.44088610561199665,0.03367898299020054,0.5394862245116946,0.5353951890034364,0.09013254786450663,0.25548779360846297,rf_boos,0.20473107646668007,"D1 fine-tune (groupguard protocol), Coffee-Test dropped from training"
D1_frozen_v2,1,0.37390171123201743,,0.4133558684750048,,0.476233914879387,0.4642120765832106,0.13637702503681884,0.21863681724891265,rf_boos,0.17467114108804208,MobileNetV3-S frozen + converged LogReg probe (deterministic)
D1_finetune_sel_strict,3,0.37256363842259727,0.06322503396289292,0.40745439886974655,0.07190115570791125,0.5237126612327878,0.5189985272459499,0.08816887579774178,0.32810067533389164,rf_boos,0.16932432457858482,"D1 fine-tune (groupguard protocol), keep_* categories only"
D1_frozen_v1,3,0.3194639644487697,0.036048941773829474,0.3792233172341583,0.08225783562015825,0.46249617191593023,0.46676485027000486,0.0949435444280805,0.17589391907028587,ontoum224,0.17683046137069414,"MobileNetV3-S frozen + linear head, v1 (head unconverged: 2-8 full-batch steps)"
D1_finetune_onnx_int8,1,0.2756418473039314,,0.31557355416490035,,0.43629195955905803,0.4406480117820324,0.00117820324005891,0.20230784054048304,rf_boos,0.17235659069042167,D1_finetune seed 20261006 static INT8 QDQ MinMax
