model,file,fold,n,acc,macro_f1,cross_step_rate,f1_light,f1_medium,f1_dark,recall_light,recall_medium,recall_dark,ece
B1_R2_reference,tabular_reference_reproduction_20261008/predictions_B1_reference_20261006.csv,ontoum224,895,0.8916201117318435,0.8901939363964617,0.0022346368715083797,0.9446254071661238,0.8330404217926186,0.8929159802306426,0.9666666666666667,0.79,0.9186440677966101,0.1935193299381727
B1_R2_reference,tabular_reference_reproduction_20261008/predictions_B1_reference_20261006.csv,rf_robusta,1046,0.47036328871892924,0.3845173667974892,0.06118546845124283,0.10852713178294572,0.5080321285140563,0.5369928400954654,0.208955223880597,0.5281837160751566,0.45,0.258785994865106
B1_R2_reference,tabular_reference_reproduction_20261008/predictions_B1_reference_20261006.csv,rf_boos,893,0.6774916013437849,0.6661269149074026,0.043673012318029114,0.6829268292682926,0.5513513513513514,0.7641025641025642,0.5185185185185185,0.5134228187919463,1.0,0.1637494340184662
B1_R2_reference,tabular_reference_reproduction_20261008/predictions_B1_reference_20261006.csv,agtron,561,0.6114081996434938,0.611951264549213,0.0,0.6753246753246753,0.6517571884984025,0.5087719298245613,0.6842105263157895,0.8869565217391304,0.3411764705882353,0.09136429919844853
B1_R2_reference,tabular_reference_reproduction_20261008/predictions_B1_reference_20261006.csv,pooled,3395,0.6592047128129602,0.6646302333540495,0.030927835051546393,0.6905890318212592,0.616897305171158,0.6864043630697312,0.6891891891891891,0.6480489671002295,0.6535608308605341,0.11009494810034916
B1,tabular_20261008_groupguard/predictions_B1_reference_20261006.csv,ontoum224,895,0.8916201117318435,0.8901939363964617,0.0022346368715083797,0.9446254071661238,0.8330404217926186,0.8929159802306426,0.9666666666666667,0.79,0.9186440677966101,0.44256834713803594
B1,tabular_20261008_groupguard/predictions_B1_reference_20261006.csv,rf_robusta,1046,0.47036328871892924,0.3845173667974892,0.06118546845124283,0.10852713178294572,0.5080321285140563,0.5369928400954654,0.208955223880597,0.5281837160751566,0.45,0.36341789235606803
B1,tabular_20261008_groupguard/predictions_B1_reference_20261006.csv,rf_boos,893,0.6774916013437849,0.6661269149074026,0.043673012318029114,0.6829268292682926,0.5513513513513514,0.7641025641025642,0.5185185185185185,0.5134228187919463,1.0,0.16239063759545158
B1,tabular_20261008_groupguard/predictions_B1_reference_20261006.csv,agtron,561,0.6114081996434938,0.611951264549213,0.0,0.6753246753246753,0.6517571884984025,0.5087719298245613,0.6842105263157895,0.8869565217391304,0.3411764705882353,0.09136429919844853
B1,tabular_20261008_groupguard/predictions_B1_reference_20261006.csv,pooled,3395,0.6592047128129602,0.6646302333540495,0.030927835051546393,0.6905890318212592,0.616897305171158,0.6864043630697312,0.6891891891891891,0.6480489671002295,0.6535608308605341,0.2315675319304597
B1,tabular_20261008_groupguard/predictions_B1_reference_20261007.csv,ontoum224,895,0.8916201117318435,0.8901939363964617,0.0022346368715083797,0.9446254071661238,0.8330404217926186,0.8929159802306426,0.9666666666666667,0.79,0.9186440677966101,0.44256834713803594
B1,tabular_20261008_groupguard/predictions_B1_reference_20261007.csv,rf_robusta,1046,0.47036328871892924,0.3845173667974892,0.06118546845124283,0.10852713178294572,0.5080321285140563,0.5369928400954654,0.208955223880597,0.5281837160751566,0.45,0.36341789235606803
B1,tabular_20261008_groupguard/predictions_B1_reference_20261007.csv,rf_boos,893,0.6774916013437849,0.6661269149074026,0.043673012318029114,0.6829268292682926,0.5513513513513514,0.7641025641025642,0.5185185185185185,0.5134228187919463,1.0,0.16239063759545158
B1,tabular_20261008_groupguard/predictions_B1_reference_20261007.csv,agtron,561,0.6114081996434938,0.611951264549213,0.0,0.6753246753246753,0.6517571884984025,0.5087719298245613,0.6842105263157895,0.8869565217391304,0.3411764705882353,0.09136429919844853
B1,tabular_20261008_groupguard/predictions_B1_reference_20261007.csv,pooled,3395,0.6592047128129602,0.6646302333540495,0.030927835051546393,0.6905890318212592,0.616897305171158,0.6864043630697312,0.6891891891891891,0.6480489671002295,0.6535608308605341,0.2315675319304597
B1,tabular_20261008_groupguard/predictions_B1_reference_20261008.csv,ontoum224,895,0.8916201117318435,0.8901939363964617,0.0022346368715083797,0.9446254071661238,0.8330404217926186,0.8929159802306426,0.9666666666666667,0.79,0.9186440677966101,0.44256834713803594
B1,tabular_20261008_groupguard/predictions_B1_reference_20261008.csv,rf_robusta,1046,0.47036328871892924,0.3845173667974892,0.06118546845124283,0.10852713178294572,0.5080321285140563,0.5369928400954654,0.208955223880597,0.5281837160751566,0.45,0.36341789235606803
B1,tabular_20261008_groupguard/predictions_B1_reference_20261008.csv,rf_boos,893,0.6774916013437849,0.6661269149074026,0.043673012318029114,0.6829268292682926,0.5513513513513514,0.7641025641025642,0.5185185185185185,0.5134228187919463,1.0,0.16239063759545158
B1,tabular_20261008_groupguard/predictions_B1_reference_20261008.csv,agtron,561,0.6114081996434938,0.611951264549213,0.0,0.6753246753246753,0.6517571884984025,0.5087719298245613,0.6842105263157895,0.8869565217391304,0.3411764705882353,0.09136429919844853
B1,tabular_20261008_groupguard/predictions_B1_reference_20261008.csv,pooled,3395,0.6592047128129602,0.6646302333540495,0.030927835051546393,0.6905890318212592,0.616897305171158,0.6864043630697312,0.6891891891891891,0.6480489671002295,0.6535608308605341,0.2315675319304597
B1_qa,tabular_20261008_groupguard/predictions_B1_qa_20261006.csv,ontoum224,895,0.8916201117318435,0.8901939363964617,0.0022346368715083797,0.9446254071661238,0.8330404217926186,0.8929159802306426,0.9666666666666667,0.79,0.9186440677966101,0.44256834713803594
B1_qa,tabular_20261008_groupguard/predictions_B1_qa_20261006.csv,rf_robusta,1046,0.47036328871892924,0.3845173667974892,0.06118546845124283,0.10852713178294572,0.5080321285140563,0.5369928400954654,0.208955223880597,0.5281837160751566,0.45,0.36341789235606803
B1_qa,tabular_20261008_groupguard/predictions_B1_qa_20261006.csv,rf_boos,893,0.6774916013437849,0.6661269149074026,0.043673012318029114,0.6829268292682926,0.5513513513513514,0.7641025641025642,0.5185185185185185,0.5134228187919463,1.0,0.16239063759545158
B1_qa,tabular_20261008_groupguard/predictions_B1_qa_20261006.csv,agtron,561,0.6114081996434938,0.611951264549213,0.0,0.6753246753246753,0.6517571884984025,0.5087719298245613,0.6842105263157895,0.8869565217391304,0.3411764705882353,0.09136429919844853
B1_qa,tabular_20261008_groupguard/predictions_B1_qa_20261006.csv,pooled,3395,0.6592047128129602,0.6646302333540495,0.030927835051546393,0.6905890318212592,0.616897305171158,0.6864043630697312,0.6891891891891891,0.6480489671002295,0.6535608308605341,0.2315675319304597
B1_qa,tabular_20261008_groupguard/predictions_B1_qa_20261007.csv,ontoum224,895,0.8916201117318435,0.8901939363964617,0.0022346368715083797,0.9446254071661238,0.8330404217926186,0.8929159802306426,0.9666666666666667,0.79,0.9186440677966101,0.44256834713803594
B1_qa,tabular_20261008_groupguard/predictions_B1_qa_20261007.csv,rf_robusta,1046,0.47036328871892924,0.3845173667974892,0.06118546845124283,0.10852713178294572,0.5080321285140563,0.5369928400954654,0.208955223880597,0.5281837160751566,0.45,0.36341789235606803
B1_qa,tabular_20261008_groupguard/predictions_B1_qa_20261007.csv,rf_boos,893,0.6774916013437849,0.6661269149074026,0.043673012318029114,0.6829268292682926,0.5513513513513514,0.7641025641025642,0.5185185185185185,0.5134228187919463,1.0,0.16239063759545158
B1_qa,tabular_20261008_groupguard/predictions_B1_qa_20261007.csv,agtron,561,0.6114081996434938,0.611951264549213,0.0,0.6753246753246753,0.6517571884984025,0.5087719298245613,0.6842105263157895,0.8869565217391304,0.3411764705882353,0.09136429919844853
B1_qa,tabular_20261008_groupguard/predictions_B1_qa_20261007.csv,pooled,3395,0.6592047128129602,0.6646302333540495,0.030927835051546393,0.6905890318212592,0.616897305171158,0.6864043630697312,0.6891891891891891,0.6480489671002295,0.6535608308605341,0.2315675319304597
B1_qa,tabular_20261008_groupguard/predictions_B1_qa_20261008.csv,ontoum224,895,0.8916201117318435,0.8901939363964617,0.0022346368715083797,0.9446254071661238,0.8330404217926186,0.8929159802306426,0.9666666666666667,0.79,0.9186440677966101,0.44256834713803594
B1_qa,tabular_20261008_groupguard/predictions_B1_qa_20261008.csv,rf_robusta,1046,0.47036328871892924,0.3845173667974892,0.06118546845124283,0.10852713178294572,0.5080321285140563,0.5369928400954654,0.208955223880597,0.5281837160751566,0.45,0.36341789235606803
B1_qa,tabular_20261008_groupguard/predictions_B1_qa_20261008.csv,rf_boos,893,0.6774916013437849,0.6661269149074026,0.043673012318029114,0.6829268292682926,0.5513513513513514,0.7641025641025642,0.5185185185185185,0.5134228187919463,1.0,0.16239063759545158
B1_qa,tabular_20261008_groupguard/predictions_B1_qa_20261008.csv,agtron,561,0.6114081996434938,0.611951264549213,0.0,0.6753246753246753,0.6517571884984025,0.5087719298245613,0.6842105263157895,0.8869565217391304,0.3411764705882353,0.09136429919844853
B1_qa,tabular_20261008_groupguard/predictions_B1_qa_20261008.csv,pooled,3395,0.6592047128129602,0.6646302333540495,0.030927835051546393,0.6905890318212592,0.616897305171158,0.6864043630697312,0.6891891891891891,0.6480489671002295,0.6535608308605341,0.2315675319304597
SVM_RBF,tabular_20261008_groupguard/predictions_SVM_RBF_reference_20261006.csv,ontoum224,895,0.8770949720670391,0.8790527541218337,0.0011173184357541898,0.8907284768211919,0.8278041074249605,0.9186256781193489,0.8966666666666666,0.8733333333333333,0.8610169491525423,0.26545890574123526
SVM_RBF,tabular_20261008_groupguard/predictions_SVM_RBF_reference_20261006.csv,rf_robusta,1046,0.2447418738049713,0.24672468965142635,0.33365200764818354,0.040983606557377046,0.29213483146067415,0.40705563093622793,0.22388059701492538,0.18997912317327767,0.3,0.6665847989021186
SVM_RBF,tabular_20261008_groupguard/predictions_SVM_RBF_reference_20261006.csv,rf_boos,893,0.3337066069428891,0.21293319042515188,0.043673012318029114,0.0,0.0,0.6387995712754556,0.0,0.0,1.0,0.37236315843258294
SVM_RBF,tabular_20261008_groupguard/predictions_SVM_RBF_reference_20261006.csv,agtron,561,0.48128342245989303,0.4861276518156971,0.04634581105169341,0.46006389776357826,0.407158836689038,0.5911602209944751,0.9473684210526315,0.39565217391304347,0.4196078431372549,0.22729742182453608
SVM_RBF,tabular_20261008_groupguard/predictions_SVM_RBF_reference_20261006.csv,pooled,3395,0.4739322533136966,0.46163059239618764,0.12223858615611193,0.36587872559095586,0.3930942895086322,0.6259187620889748,0.4810810810810811,0.33970925784238715,0.6001483679525222,0.31389892110950135
SVM_RBF,tabular_20261008_groupguard/predictions_SVM_RBF_reference_20261007.csv,ontoum224,895,0.8770949720670391,0.8790527541218337,0.0011173184357541898,0.8907284768211919,0.8278041074249605,0.9186256781193489,0.8966666666666666,0.8733333333333333,0.8610169491525423,0.26545890574123526
SVM_RBF,tabular_20261008_groupguard/predictions_SVM_RBF_reference_20261007.csv,rf_robusta,1046,0.2447418738049713,0.24672468965142635,0.33365200764818354,0.040983606557377046,0.29213483146067415,0.40705563093622793,0.22388059701492538,0.18997912317327767,0.3,0.6665847989021186
SVM_RBF,tabular_20261008_groupguard/predictions_SVM_RBF_reference_20261007.csv,rf_boos,893,0.3337066069428891,0.21293319042515188,0.043673012318029114,0.0,0.0,0.6387995712754556,0.0,0.0,1.0,0.37236315843258294
SVM_RBF,tabular_20261008_groupguard/predictions_SVM_RBF_reference_20261007.csv,agtron,561,0.48128342245989303,0.4861276518156971,0.04634581105169341,0.46006389776357826,0.407158836689038,0.5911602209944751,0.9473684210526315,0.39565217391304347,0.4196078431372549,0.22729742182453608
SVM_RBF,tabular_20261008_groupguard/predictions_SVM_RBF_reference_20261007.csv,pooled,3395,0.4739322533136966,0.46163059239618764,0.12223858615611193,0.36587872559095586,0.3930942895086322,0.6259187620889748,0.4810810810810811,0.33970925784238715,0.6001483679525222,0.31389892110950135
SVM_RBF,tabular_20261008_groupguard/predictions_SVM_RBF_reference_20261008.csv,ontoum224,895,0.8770949720670391,0.8790527541218337,0.0011173184357541898,0.8907284768211919,0.8278041074249605,0.9186256781193489,0.8966666666666666,0.8733333333333333,0.8610169491525423,0.26545890574123526
SVM_RBF,tabular_20261008_groupguard/predictions_SVM_RBF_reference_20261008.csv,rf_robusta,1046,0.2447418738049713,0.24672468965142635,0.33365200764818354,0.040983606557377046,0.29213483146067415,0.40705563093622793,0.22388059701492538,0.18997912317327767,0.3,0.6665847989021186
SVM_RBF,tabular_20261008_groupguard/predictions_SVM_RBF_reference_20261008.csv,rf_boos,893,0.3337066069428891,0.21293319042515188,0.043673012318029114,0.0,0.0,0.6387995712754556,0.0,0.0,1.0,0.2647811558751382
SVM_RBF,tabular_20261008_groupguard/predictions_SVM_RBF_reference_20261008.csv,agtron,561,0.48128342245989303,0.4861276518156971,0.04634581105169341,0.46006389776357826,0.407158836689038,0.5911602209944751,0.9473684210526315,0.39565217391304347,0.4196078431372549,0.22729742182453608
SVM_RBF,tabular_20261008_groupguard/predictions_SVM_RBF_reference_20261008.csv,pooled,3395,0.4739322533136966,0.46163059239618764,0.12223858615611193,0.36587872559095586,0.3930942895086322,0.6259187620889748,0.4810810810810811,0.33970925784238715,0.6001483679525222,0.24256310473869191
RandomForest,tabular_20261008_groupguard/predictions_RandomForest_reference_20261006.csv,ontoum224,895,0.6793296089385474,0.6622847764152112,0.0,0.4749999999999999,0.6434782608695652,0.8683760683760683,0.31666666666666665,0.8633333333333333,0.8610169491525423,0.18285680984816685
RandomForest,tabular_20261008_groupguard/predictions_RandomForest_reference_20261006.csv,rf_robusta,1046,0.5745697896749522,0.45361260927389474,0.07265774378585087,0.1244019138755981,0.5601907032181168,0.6762452107279694,0.19402985074626866,0.4906054279749478,0.706,0.17000648759623008
RandomForest,tabular_20261008_groupguard/predictions_RandomForest_reference_20261006.csv,rf_boos,893,0.3437849944008959,0.19156486475187093,0.284434490481523,0.0,0.051428571428571435,0.5232660228270413,0.0,0.030201342281879196,1.0,0.4478491512895864
RandomForest,tabular_20261008_groupguard/predictions_RandomForest_reference_20261006.csv,agtron,561,0.5686274509803921,0.533797955661755,0.024955436720142603,0.46913580246913583,0.6322580645161291,0.5,0.5,0.8521739130434782,0.3333333333333333,0.20977199438099442
RandomForest,tabular_20261008_groupguard/predictions_RandomForest_reference_20261006.csv,pooled,3395,0.540500736377025,0.4817621415284818,0.10132547864506627,0.27340823970037453,0.5348125478194338,0.637065637065637,0.1972972972972973,0.5348125478194338,0.7344213649851632,0.20171971642671366
RandomForest,tabular_20261008_groupguard/predictions_RandomForest_reference_20261007.csv,ontoum224,895,0.6368715083798883,0.6192454481624988,0.0011173184357541898,0.43877551020408156,0.598014888337469,0.8209459459459459,0.2866666666666667,0.8033333333333333,0.823728813559322,0.19270530246067075
RandomForest,tabular_20261008_groupguard/predictions_RandomForest_reference_20261007.csv,rf_robusta,1046,0.5047801147227533,0.3917305150428463,0.11281070745697896,0.0726072607260726,0.4285714285714286,0.6740128558310376,0.16417910447761194,0.31315240083507306,0.734,0.23587643487770715
RandomForest,tabular_20261008_groupguard/predictions_RandomForest_reference_20261007.csv,rf_boos,893,0.3493840985442329,0.22719550639375896,0.07390817469204927,0.0,0.051565377532228354,0.6300211416490485,0.0,0.04697986577181208,1.0,0.38016219042284605
RandomForest,tabular_20261008_groupguard/predictions_RandomForest_reference_20261007.csv,agtron,561,0.6114081996434938,0.5746814154919674,0.030303030303030304,0.5241379310344828,0.6824644549763031,0.5174418604651162,0.5,0.9391304347826087,0.34901960784313724,0.11981413254974305
RandomForest,tabular_20261008_groupguard/predictions_RandomForest_reference_20261007.csv,pooled,3395,0.5163475699558174,0.4572362534094527,0.05949926362297496,0.23746701846965698,0.4630872483221476,0.6711544934365534,0.18243243243243243,0.4751338944146901,0.7396142433234422,0.1935876470133786
RandomForest,tabular_20261008_groupguard/predictions_RandomForest_reference_20261008.csv,ontoum224,895,0.6603351955307263,0.6363459989531793,0.0,0.4278350515463918,0.6151898734177216,0.866013071895425,0.27666666666666667,0.81,0.8983050847457628,0.22829300388704035
RandomForest,tabular_20261008_groupguard/predictions_RandomForest_reference_20261008.csv,rf_robusta,1046,0.5334608030592735,0.4173316138749124,0.08986615678776291,0.08661417322834646,0.49744897959183676,0.6679316888045541,0.16417910447761194,0.407098121085595,0.704,0.21717757166214743
RandomForest,tabular_20261008_groupguard/predictions_RandomForest_reference_20261008.csv,rf_boos,893,0.3348264277715566,0.17343233891982812,0.2978723404255319,0.0,0.00606060606060606,0.5142364106988783,0.0,0.003355704697986577,1.0,0.4798250596059149
RandomForest,tabular_20261008_groupguard/predictions_RandomForest_reference_20261008.csv,agtron,561,0.5793226381461676,0.5619503060411201,0.0338680926916221,0.5333333333333332,0.6265060240963856,0.5260115606936416,0.6842105263157895,0.7913043478260869,0.3568627450980392,0.16180182004457747
RandomForest,tabular_20261008_groupguard/predictions_RandomForest_reference_20261008.csv,pooled,3395,0.522238586156112,0.46393151375480973,0.11163475699558174,0.2574955908289242,0.4997987927565392,0.6345001576789657,0.1972972972972973,0.4751338944146901,0.7462908011869436,0.24096286953460824
MLP,tabular_20261008_groupguard/predictions_MLP_reference_20261006.csv,ontoum224,895,0.7843575418994413,0.7905784620809616,0.0011173184357541898,0.7606112054329371,0.709090909090909,0.9020332717190387,0.7466666666666667,0.78,0.8271186440677966,0.2170888726511013
MLP,tabular_20261008_groupguard/predictions_MLP_reference_20261006.csv,rf_robusta,1046,0.4235181644359465,0.34876319425873065,0.06500956022944551,0.15789473684210525,0.4374342797055731,0.45096056622851366,0.1791044776119403,0.4342379958246347,0.446,0.4881350026585001
MLP,tabular_20261008_groupguard/predictions_MLP_reference_20261006.csv,rf_boos,893,0.3538633818589026,0.23802796341780744,0.043673012318029114,0.0,0.06271777003484319,0.6513661202185792,0.0,0.06040268456375839,1.0,0.3810483943648861
MLP,tabular_20261008_groupguard/predictions_MLP_reference_20261006.csv,agtron,561,0.40998217468805703,0.4140100117097993,0.049910873440285206,0.3988919667590028,0.22900763358778625,0.6141304347826086,0.9473684210526315,0.1956521739130435,0.44313725490196076,0.17842582095345483
MLP,tabular_20261008_groupguard/predictions_MLP_reference_20261006.csv,pooled,3395,0.4980854197349043,0.48544522003045437,0.04005891016200295,0.4403145103645461,0.39177657098525986,0.6242445787415571,0.41621621621621624,0.3863810252486611,0.6513353115727003,0.24030103065095398
D1_frozen_v1,d1_20261008_groupguard/D1_frozen_reference_20261006_predictions.csv,ontoum224,895,0.3396648044692737,0.17683046137069414,0.0,0.013245033112582783,0.5037783375314862,0.01346801346801347,0.006666666666666667,1.0,0.006779661016949152,0.32047659812814744
D1_frozen_v1,d1_20261008_groupguard/D1_frozen_reference_20261006_predictions.csv,rf_robusta,1046,0.5506692160611855,0.37904896007509753,0.0019120458891013384,0.0,0.5272727272727273,0.6098741529525654,0.0,0.5448851774530271,0.63,0.11805445325501701
D1_frozen_v1,d1_20261008_groupguard/D1_frozen_reference_20261006_predictions.csv,rf_boos,893,0.6170212765957447,0.6065911743503067,0.1690929451287794,0.6186046511627907,0.5568445475638051,0.6443243243243244,0.4478114478114478,0.40268456375838924,1.0,0.2869812778376278
D1_frozen_v1,d1_20261008_groupguard/D1_frozen_reference_20261006_predictions.csv,agtron,561,0.42245989304812837,0.21338993612712256,0.0,0.0,0.586734693877551,0.0534351145038168,0.0,1.0,0.027450980392156862,0.24181820171712118
D1_frozen_v1,d1_20261008_groupguard/D1_frozen_reference_20261006_predictions.csv,pooled,3395,0.4913107511045655,0.4462068166225513,0.04506627393225331,0.30786773090079816,0.5365135453474676,0.49423917361938813,0.18243243243243243,0.6970160673297628,0.46142433234421365,0.22226482944729137
D1_frozen_v1,d1_20261008_groupguard/D1_frozen_reference_20261007_predictions.csv,ontoum224,895,0.3687150837988827,0.24576506924253108,0.19441340782122904,0.02631578947368421,0.1406593406593407,0.5703200775945684,0.013333333333333334,0.10666666666666667,0.9966101694915255,0.2313090073663328
D1_frozen_v1,d1_20261008_groupguard/D1_frozen_reference_20261007_predictions.csv,rf_robusta,1046,0.517208413001912,0.3548190262345665,0.020076481835564052,0.03809523809523809,0.377892030848329,0.6484698097601324,0.029850746268656716,0.3068893528183716,0.784,0.09623996523031747
D1_frozen_v1,d1_20261008_groupguard/D1_frozen_reference_20261007_predictions.csv,rf_boos,893,0.3337066069428891,0.16680660509375875,0.3325867861142217,0.0,0.0,0.5004198152812762,0.0,0.0,1.0,0.3435295437088247
D1_frozen_v1,d1_20261008_groupguard/D1_frozen_reference_20261007_predictions.csv,agtron,561,0.5383244206773619,0.3448921028466483,0.09803921568627451,0.0,0.3625,0.6721763085399449,0.0,0.25217391304347825,0.9568627450980393,0.07389769452218185
D1_frozen_v1,d1_20261008_groupguard/D1_frozen_reference_20261007_predictions.csv,pooled,3395,0.4332842415316642,0.28741124836922305,0.16111929307805598,0.015345268542199489,0.2560777957860616,0.5908106807794081,0.008108108108108109,0.18133129303749043,0.9109792284866469,0.1761117589388674
D1_frozen_v1,d1_20261008_groupguard/D1_frozen_reference_20261008_predictions.csv,ontoum224,895,0.4860335195530726,0.4022539947626432,0.021229050279329607,0.0,0.5148514851485149,0.6919104991394148,0.0,0.78,0.6813559322033899,0.10999418278968826
D1_frozen_v1,d1_20261008_groupguard/D1_frozen_reference_20261008_predictions.csv,rf_robusta,1046,0.5506692160611855,0.37267511761432814,0.011472275334608031,0.021739130434782608,0.42025316455696204,0.6760330578512397,0.014925373134328358,0.3465553235908142,0.818,0.08309875777950614
D1_frozen_v1,d1_20261008_groupguard/D1_frozen_reference_20261008_predictions.csv,rf_boos,893,0.4244120940649496,0.3218361218361218,0.24188129899216126,0.42857142857142855,0.0,0.5369369369369369,0.2727272727272727,0.0,1.0,0.1795657718692591
D1_frozen_v1,d1_20261008_groupguard/D1_frozen_reference_20261008_predictions.csv,agtron,561,0.40106951871657753,0.2486590038314176,0.035650623885918005,0.0,0.5459770114942528,0.2,0.0,0.8260869565217391,0.13725490196078433,0.1891717479024453
D1_frozen_v1,d1_20261008_groupguard/D1_frozen_reference_20261008_predictions.csv,pooled,3395,0.47569955817378495,0.40405188671070064,0.07864506627393225,0.1938534278959811,0.43817304121797257,0.5801291910181483,0.11081081081081082,0.45141545524100996,0.6995548961424333,0.12930516882469892
D1_frozen_v2,d1_frozen_probe_v2_20261008/predictions.csv,ontoum224,895,0.5564245810055866,0.5470034729332203,0.04022346368715084,0.4925053533190579,0.43505477308294216,0.7134502923976608,0.38333333333333336,0.4633333333333333,0.8271186440677966,0.12487436603389775
D1_frozen_v2,d1_frozen_probe_v2_20261008/predictions.csv,rf_robusta,1046,0.4321223709369025,0.37213326138449504,0.13097514340344169,0.14545454545454545,0.29583975346687214,0.6751054852320676,0.5373134328358209,0.20041753653444677,0.64,0.4170857965419004
D1_frozen_v2,d1_frozen_probe_v2_20261008/predictions.csv,rf_boos,893,0.3370660694288914,0.17467114108804208,0.3247480403135498,0.006711409395973153,0.013071895424836602,0.5042301184433164,0.003367003367003367,0.006711409395973154,1.0,0.3241416922457762
D1_frozen_v2,d1_frozen_probe_v2_20261008/predictions.csv,agtron,561,0.5793226381461676,0.40179896952231237,0.0,0.0,0.6599423631123918,0.5454545454545454,0.0,0.9956521739130435,0.3764705882352941,0.25957661293034806
D1_frozen_v2,d1_frozen_probe_v2_20261008/predictions.csv,pooled,3395,0.4642120765832106,0.4133558684750048,0.13637702503681884,0.22754491017964074,0.4073426573426573,0.6051800379027162,0.20540540540540542,0.3565416985462892,0.7106824925816023,0.21863681724891265
D1_finetune,d1_20261008_groupguard/D1_finetune_reference_20261006_predictions.csv,ontoum224,895,0.5564245810055866,0.4644318238930492,0.10837988826815642,0.6091370558375635,0.0,0.7841584158415842,1.0,0.0,0.6711864406779661,0.17022411663470968
D1_finetune,d1_20261008_groupguard/D1_finetune_reference_20261006_predictions.csv,rf_robusta,1046,0.6520076481835564,0.4833129833129833,0.032504780114722756,0.07518796992481203,0.7105263157894736,0.6642246642246643,0.07462686567164178,0.8455114822546973,0.544,0.177134438392835
D1_finetune,d1_20261008_groupguard/D1_finetune_reference_20261006_predictions.csv,rf_boos,893,0.3964165733482643,0.282509854526025,0.25755879059350506,0.31728045325779036,0.0,0.5302491103202847,0.18855218855218855,0.0,1.0,0.39428122919504743
D1_finetune,d1_20261008_groupguard/D1_finetune_reference_20261006_predictions.csv,agtron,561,0.6256684491978609,0.44339472848523337,0.0,0.0,0.6865671641791045,0.6436170212765957,0.0,1.0,0.4745098039215686,0.3398706874244872
D1_finetune,d1_20261008_groupguard/D1_finetune_reference_20261006_predictions.csv,pooled,3395,0.5552282768777614,0.5404411650366491,0.10633284241531664,0.46670976082740795,0.5250103348491113,0.6296033994334278,0.48783783783783785,0.48584544758990056,0.6594955489614244,0.2552412658840057
D1_finetune,d1_20261008_groupguard/D1_finetune_reference_20261007_predictions.csv,ontoum224,895,0.47150837988826816,0.39558542440683464,0.0,0.09523809523809523,0.5591798695246971,0.5323383084577115,0.05,1.0,0.36271186440677966,0.20421155006469832
D1_finetune,d1_20261008_groupguard/D1_finetune_reference_20261007_predictions.csv,rf_robusta,1046,0.6940726577437859,0.5561868228258053,0.004780114722753346,0.2558139534883721,0.7385892116182573,0.6741573033707866,0.16417910447761194,0.9290187891440501,0.54,0.12929082467932446
D1_finetune,d1_20261008_groupguard/D1_finetune_reference_20261007_predictions.csv,rf_boos,893,0.42777155655095184,0.3267704659089559,0.23628219484882418,0.4409448818897638,0.0,0.539366515837104,0.2828282828282828,0.0,1.0,0.48874749631165937
D1_finetune,d1_20261008_groupguard/D1_finetune_reference_20261007_predictions.csv,agtron,561,0.6773618538324421,0.48681436408901496,0.0,0.0,0.712241653418124,0.748201438848921,0.0,0.9739130434782609,0.611764705882353,0.2704103344948024
D1_finetune,d1_20261008_groupguard/D1_finetune_reference_20261007_predictions.csv,pooled,3395,0.5625920471281296,0.49020720009606134,0.06362297496318114,0.2564102564102564,0.6043030869971937,0.609908256880734,0.14864864864864866,0.7413925019127774,0.6164688427299704,0.2650940599368096
D1_finetune,d1_20261008_groupguard/D1_finetune_reference_20261008_predictions.csv,ontoum224,895,0.6726256983240223,0.6460647451724494,0.01005586592178771,0.6744868035190615,0.3879310344827586,0.8757763975155279,0.7666666666666667,0.3,0.9559322033898305,0.14993967245951098
D1_finetune,d1_20261008_groupguard/D1_finetune_reference_20261008_predictions.csv,rf_robusta,1046,0.6319311663479924,0.5227252901557392,0.03154875717017208,0.25,0.6263269639065816,0.6918489065606361,0.26865671641791045,0.615866388308977,0.696,0.14760379322863684
D1_finetune,d1_20261008_groupguard/D1_finetune_reference_20261008_predictions.csv,rf_boos,893,0.3337066069428891,0.1773809523809524,0.2530795072788354,0.0,0.0,0.5321428571428571,0.0,0.0,1.0,0.489086983594609
D1_finetune,d1_20261008_groupguard/D1_finetune_reference_20261008_predictions.csv,agtron,561,0.6720142602495544,0.4821633825944171,0.0,0.0,0.7125,0.7339901477832512,0.0,0.991304347826087,0.5843137254901961,0.30968534901076783
D1_finetune,d1_20261008_groupguard/D1_finetune_reference_20261008_predictions.csv,pooled,3395,0.5708394698085419,0.5331833691475057,0.07893961708394698,0.4136780650542119,0.5076604554865424,0.6782115869017632,0.33513513513513515,0.46901300688599845,0.7989614243323442,0.19121919522660905
D1_finetune_medaug,d1_20261008_medaug/D1_finetune_reference_20261006_predictions.csv,ontoum224,895,0.6558659217877095,0.5403807968872864,0.008938547486033519,0.6904487917146145,0.006622516556291392,0.9240710823909531,1.0,0.0033333333333333335,0.9694915254237289,0.18914452657682476
D1_finetune_medaug,d1_20261008_medaug/D1_finetune_reference_20261006_predictions.csv,rf_robusta,1046,0.6233269598470363,0.42837595688894164,0.006692160611854685,0.0,0.5869797225186766,0.6981481481481483,0.0,0.5741127348643006,0.754,0.2627774248638334
D1_finetune_medaug,d1_20261008_medaug/D1_finetune_reference_20261006_predictions.csv,rf_boos,893,0.4076147816349384,0.3026428670264287,0.22508398656215006,0.3636363636363636,0.0,0.5442922374429224,0.2222222222222222,0.0,1.0,0.48904020467998904
D1_finetune_medaug,d1_20261008_medaug/D1_finetune_reference_20261006_predictions.csv,agtron,561,0.6452762923351159,0.46006595224931673,0.0,0.0,0.6980273141122914,0.682170542635659,0.0,1.0,0.5176470588235295,0.3397275771788268
D1_finetune_medaug,d1_20261008_medaug/D1_finetune_reference_20261006_predictions.csv,pooled,3395,0.5787923416789397,0.5570388600298276,0.06362297496318114,0.5292841648590022,0.45462713387241693,0.6872052813580636,0.4945945945945946,0.3871461361897475,0.8108308605341247,0.25984148103841703
D1_finetune_medaug,d1_20261008_medaug/D1_finetune_reference_20261007_predictions.csv,ontoum224,895,0.45251396648044695,0.3582183201317184,0.2122905027932961,0.5509641873278237,0.0,0.5236907730673316,1.0,0.0,0.3559322033898305,0.22524281622291437
D1_finetune_medaug,d1_20261008_medaug/D1_finetune_reference_20261007_predictions.csv,rf_robusta,1046,0.6873804971319312,0.4734912779809861,0.0028680688336520078,0.0,0.7172774869109948,0.7031963470319635,0.0,0.8580375782881002,0.616,0.20211888698907882
D1_finetune_medaug,d1_20261008_medaug/D1_finetune_reference_20261007_predictions.csv,rf_boos,893,0.3337066069428891,0.1773809523809524,0.2530795072788354,0.0,0.0,0.5321428571428571,0.0,0.0,1.0,0.5269218882241378
D1_finetune_medaug,d1_20261008_medaug/D1_finetune_reference_20261007_predictions.csv,agtron,561,0.6256684491978609,0.44516341302917306,0.0,0.0,0.6808510638297872,0.654639175257732,0.0,0.9739130434782609,0.4980392156862745,0.3589777735978192
D1_finetune_medaug,d1_20261008_medaug/D1_finetune_reference_20261007_predictions.csv,pooled,3395,0.522238586156112,0.5023288469310233,0.12341678939617085,0.391644908616188,0.5135463000404367,0.6017953321364452,0.40540540540540543,0.48584544758990056,0.6216617210682492,0.31048374936295353
D1_finetune_medaug,d1_20261008_medaug/D1_finetune_reference_20261008_predictions.csv,ontoum224,895,0.641340782122905,0.5472034925595981,0.03128491620111732,0.6651884700665188,0.05787781350482315,0.9185441941074524,1.0,0.03,0.8983050847457628,0.15314211306384326
D1_finetune_medaug,d1_20261008_medaug/D1_finetune_reference_20261008_predictions.csv,rf_robusta,1046,0.6663479923518164,0.4750506017308926,0.0124282982791587,0.04597701149425287,0.6387096774193549,0.7404651162790699,0.029850746268656716,0.6200417536534447,0.796,0.14718431161445122
D1_finetune_medaug,d1_20261008_medaug/D1_finetune_reference_20261008_predictions.csv,rf_boos,893,0.387458006718925,0.26249554185560703,0.20940649496080627,0.0,0.2105263157894737,0.5769603097773475,0.0,0.1610738255033557,1.0,0.4030349945971485
D1_finetune_medaug,d1_20261008_medaug/D1_finetune_reference_20261008_predictions.csv,agtron,561,0.6524064171122995,0.466369915420725,0.0017825311942959,0.0,0.7006172839506172,0.6984924623115578,0.0,0.9869565217391304,0.5450980392156862,0.28429839659478673
D1_finetune_medaug,d1_20261008_medaug/D1_finetune_reference_20261008_predictions.csv,pooled,3395,0.5840942562592047,0.5508595128109685,0.0674521354933726,0.44346549192364165,0.4955223880597015,0.7135906584495622,0.4081081081081081,0.44452945677123185,0.8160237388724035,0.17675367422513327
B1_sel_drop_coffeetest,tabular_20261008_sel_drop_coffeetest/predictions_B1_qa_20261006.csv,ontoum224,895,0.8938547486033519,0.8924513588893964,0.0022346368715083797,0.9478827361563518,0.8365553602811949,0.8929159802306426,0.97,0.7933333333333333,0.9186440677966101,0.4446025885248625
B1_sel_drop_coffeetest,tabular_20261008_sel_drop_coffeetest/predictions_B1_qa_20261006.csv,rf_robusta,1046,0.47036328871892924,0.3845173667974892,0.06118546845124283,0.10852713178294572,0.5080321285140563,0.5369928400954654,0.208955223880597,0.5281837160751566,0.45,0.36341789235606803
B1_sel_drop_coffeetest,tabular_20261008_sel_drop_coffeetest/predictions_B1_qa_20261006.csv,rf_boos,893,0.6685330347144457,0.6555872167273521,0.043673012318029114,0.6591422121896162,0.5435168738898757,0.7641025641025642,0.49158249158249157,0.5134228187919463,1.0,0.16270435924714813
B1_sel_drop_coffeetest,tabular_20261008_sel_drop_coffeetest/predictions_B1_qa_20261006.csv,agtron,561,0.6149732620320856,0.6099402441485845,0.0,0.6618705035971223,0.663551401869159,0.5043988269794721,0.6052631578947368,0.9260869565217391,0.33725490196078434,0.011588908040063168
B1_sel_drop_coffeetest,tabular_20261008_sel_drop_coffeetest/predictions_B1_qa_20261006.csv,pooled,3395,0.6580265095729013,0.6627654548440852,0.030927835051546393,0.6836313617606603,0.6187725631768953,0.6858924395947,0.6716216216216216,0.6557000765110941,0.6528189910979229,0.22411988751096917
B1_sel_drop_coffeetest,tabular_20261008_sel_drop_coffeetest/predictions_B1_qa_20261007.csv,ontoum224,895,0.8938547486033519,0.8924513588893964,0.0022346368715083797,0.9478827361563518,0.8365553602811949,0.8929159802306426,0.97,0.7933333333333333,0.9186440677966101,0.4446025885248625
B1_sel_drop_coffeetest,tabular_20261008_sel_drop_coffeetest/predictions_B1_qa_20261007.csv,rf_robusta,1046,0.47036328871892924,0.3845173667974892,0.06118546845124283,0.10852713178294572,0.5080321285140563,0.5369928400954654,0.208955223880597,0.5281837160751566,0.45,0.36341789235606803
B1_sel_drop_coffeetest,tabular_20261008_sel_drop_coffeetest/predictions_B1_qa_20261007.csv,rf_boos,893,0.6685330347144457,0.6555872167273521,0.043673012318029114,0.6591422121896162,0.5435168738898757,0.7641025641025642,0.49158249158249157,0.5134228187919463,1.0,0.16270435924714813
B1_sel_drop_coffeetest,tabular_20261008_sel_drop_coffeetest/predictions_B1_qa_20261007.csv,agtron,561,0.6149732620320856,0.6099402441485845,0.0,0.6618705035971223,0.663551401869159,0.5043988269794721,0.6052631578947368,0.9260869565217391,0.33725490196078434,0.011588908040063168
B1_sel_drop_coffeetest,tabular_20261008_sel_drop_coffeetest/predictions_B1_qa_20261007.csv,pooled,3395,0.6580265095729013,0.6627654548440852,0.030927835051546393,0.6836313617606603,0.6187725631768953,0.6858924395947,0.6716216216216216,0.6557000765110941,0.6528189910979229,0.22411988751096917
B1_sel_drop_coffeetest,tabular_20261008_sel_drop_coffeetest/predictions_B1_qa_20261008.csv,ontoum224,895,0.8938547486033519,0.8924513588893964,0.0022346368715083797,0.9478827361563518,0.8365553602811949,0.8929159802306426,0.97,0.7933333333333333,0.9186440677966101,0.4446025885248625
B1_sel_drop_coffeetest,tabular_20261008_sel_drop_coffeetest/predictions_B1_qa_20261008.csv,rf_robusta,1046,0.47036328871892924,0.3845173667974892,0.06118546845124283,0.10852713178294572,0.5080321285140563,0.5369928400954654,0.208955223880597,0.5281837160751566,0.45,0.36341789235606803
B1_sel_drop_coffeetest,tabular_20261008_sel_drop_coffeetest/predictions_B1_qa_20261008.csv,rf_boos,893,0.6685330347144457,0.6555872167273521,0.043673012318029114,0.6591422121896162,0.5435168738898757,0.7641025641025642,0.49158249158249157,0.5134228187919463,1.0,0.16270435924714813
B1_sel_drop_coffeetest,tabular_20261008_sel_drop_coffeetest/predictions_B1_qa_20261008.csv,agtron,561,0.6149732620320856,0.6099402441485845,0.0,0.6618705035971223,0.663551401869159,0.5043988269794721,0.6052631578947368,0.9260869565217391,0.33725490196078434,0.09227701596493229
B1_sel_drop_coffeetest,tabular_20261008_sel_drop_coffeetest/predictions_B1_qa_20261008.csv,pooled,3395,0.6580265095729013,0.6627654548440852,0.030927835051546393,0.6836313617606603,0.6187725631768953,0.6858924395947,0.6716216216216216,0.6557000765110941,0.6528189910979229,0.2351572677271429
B1_sel_strict,tabular_20261008_sel_strict_keep_only/predictions_B1_qa_20261006.csv,ontoum224,895,0.864804469273743,0.8609016702548239,0.0022346368715083797,0.9255663430420712,0.7783985102420856,0.8787401574803149,0.9533333333333334,0.6966666666666667,0.9457627118644067,0.11752039864712223
B1_sel_strict,tabular_20261008_sel_strict_keep_only/predictions_B1_qa_20261006.csv,rf_robusta,1046,0.4521988527724665,0.3683597883597884,0.06022944550669216,0.10317460317460317,0.49,0.511904761904762,0.19402985074626866,0.511482254697286,0.43,0.39096344990742127
B1_sel_strict,tabular_20261008_sel_strict_keep_only/predictions_B1_qa_20261006.csv,rf_boos,893,0.6808510638297872,0.6700831076210378,0.043673012318029114,0.7599164926931106,0.5099601593625497,0.7403726708074535,0.6127946127946128,0.42953020134228187,1.0,0.1455403313491021
B1_sel_strict,tabular_20261008_sel_strict_keep_only/predictions_B1_qa_20261006.csv,agtron,561,0.5793226381461676,0.5377291167635443,0.0,0.5283018867924527,0.6589595375722543,0.42592592592592593,0.3684210526315789,0.991304347826087,0.27058823529411763,0.08702819565054365
B1_sel_strict,tabular_20261008_sel_strict_keep_only/predictions_B1_qa_20261006.csv,pooled,3395,0.6421207658321061,0.6513786626382563,0.030633284241531663,0.6996563573883161,0.5931893079458074,0.6612903225806452,0.6878378378378378,0.6197398622800306,0.6387240356083086,0.12086411781227051
B1_sel_strict,tabular_20261008_sel_strict_keep_only/predictions_B1_qa_20261007.csv,ontoum224,895,0.864804469273743,0.8609016702548239,0.0022346368715083797,0.9255663430420712,0.7783985102420856,0.8787401574803149,0.9533333333333334,0.6966666666666667,0.9457627118644067,0.11752039864712223
B1_sel_strict,tabular_20261008_sel_strict_keep_only/predictions_B1_qa_20261007.csv,rf_robusta,1046,0.4521988527724665,0.3683597883597884,0.06022944550669216,0.10317460317460317,0.49,0.511904761904762,0.19402985074626866,0.511482254697286,0.43,0.39096344990742127
B1_sel_strict,tabular_20261008_sel_strict_keep_only/predictions_B1_qa_20261007.csv,rf_boos,893,0.6808510638297872,0.6700831076210378,0.043673012318029114,0.7599164926931106,0.5099601593625497,0.7403726708074535,0.6127946127946128,0.42953020134228187,1.0,0.1629526535206155
B1_sel_strict,tabular_20261008_sel_strict_keep_only/predictions_B1_qa_20261007.csv,agtron,561,0.5793226381461676,0.5377291167635443,0.0,0.5283018867924527,0.6589595375722543,0.42592592592592593,0.3684210526315789,0.991304347826087,0.27058823529411763,0.02686290891225131
B1_sel_strict,tabular_20261008_sel_strict_keep_only/predictions_B1_qa_20261007.csv,pooled,3395,0.6421207658321061,0.6513786626382563,0.030633284241531663,0.6996563573883161,0.5931893079458074,0.6612903225806452,0.6878378378378378,0.6197398622800306,0.6387240356083086,0.13920949522935003
B1_sel_strict,tabular_20261008_sel_strict_keep_only/predictions_B1_qa_20261008.csv,ontoum224,895,0.864804469273743,0.8609016702548239,0.0022346368715083797,0.9255663430420712,0.7783985102420856,0.8787401574803149,0.9533333333333334,0.6966666666666667,0.9457627118644067,0.11752039864712223
B1_sel_strict,tabular_20261008_sel_strict_keep_only/predictions_B1_qa_20261008.csv,rf_robusta,1046,0.4521988527724665,0.3683597883597884,0.06022944550669216,0.10317460317460317,0.49,0.511904761904762,0.19402985074626866,0.511482254697286,0.43,0.39096344990742127
B1_sel_strict,tabular_20261008_sel_strict_keep_only/predictions_B1_qa_20261008.csv,rf_boos,893,0.6808510638297872,0.6700831076210378,0.043673012318029114,0.7599164926931106,0.5099601593625497,0.7403726708074535,0.6127946127946128,0.42953020134228187,1.0,0.1629526535206155
B1_sel_strict,tabular_20261008_sel_strict_keep_only/predictions_B1_qa_20261008.csv,agtron,561,0.5793226381461676,0.5377291167635443,0.0,0.5283018867924527,0.6589595375722543,0.42592592592592593,0.3684210526315789,0.991304347826087,0.27058823529411763,0.08702819565054365
B1_sel_strict,tabular_20261008_sel_strict_keep_only/predictions_B1_qa_20261008.csv,pooled,3395,0.6421207658321061,0.6513786626382563,0.030633284241531663,0.6996563573883161,0.5931893079458074,0.6612903225806452,0.6878378378378378,0.6197398622800306,0.6387240356083086,0.15103613616450628
D1_finetune_sel_drop_coffeetest,d1_20261008_sel_drop_coffeetest/D1_finetune_qa_20261006_predictions.csv,ontoum224,895,0.49050279329608937,0.3972031969252243,0.13854748603351955,0.0707395498392283,0.4557377049180328,0.6651323360184118,0.03666666666666667,0.4633333333333333,0.9796610169491525,0.1260437776204945
D1_finetune_sel_drop_coffeetest,d1_20261008_sel_drop_coffeetest/D1_finetune_qa_20261006_predictions.csv,rf_robusta,1046,0.6520076481835564,0.4833129833129833,0.032504780114722756,0.07518796992481203,0.7105263157894736,0.6642246642246643,0.07462686567164178,0.8455114822546973,0.544,0.177134438392835
D1_finetune_sel_drop_coffeetest,d1_20261008_sel_drop_coffeetest/D1_finetune_qa_20261006_predictions.csv,rf_boos,893,0.3426651735722284,0.20473107646668007,0.187010078387458,0.052459016393442616,0.0,0.5617342130065975,0.026936026936026935,0.0,1.0,0.456215370980929
D1_finetune_sel_drop_coffeetest,d1_20261008_sel_drop_coffeetest/D1_finetune_qa_20261006_predictions.csv,agtron,561,0.6078431372549019,0.42767598842815807,0.0,0.0,0.676470588235294,0.6065573770491803,0.0,1.0,0.43529411764705883,0.31482478326703456
D1_finetune_sel_drop_coffeetest,d1_20261008_sel_drop_coffeetest/D1_finetune_qa_20261006_predictions.csv,pooled,3395,0.5207658321060383,0.40804421677277974,0.09572901325478646,0.05818181818181819,0.5431578947368421,0.622792937399679,0.032432432432432434,0.5921958684009181,0.7195845697329377,0.25034785124714487
D1_finetune_sel_drop_coffeetest,d1_20261008_sel_drop_coffeetest/D1_finetune_qa_20261007_predictions.csv,ontoum224,895,0.5988826815642458,0.5591588093282406,0.012290502793296089,0.3425414364640884,0.5245901639344263,0.810344827586207,0.20666666666666667,0.64,0.9559322033898305,0.07273489336888316
D1_finetune_sel_drop_coffeetest,d1_20261008_sel_drop_coffeetest/D1_finetune_qa_20261007_predictions.csv,rf_robusta,1046,0.6940726577437859,0.5561868228258053,0.004780114722753346,0.2558139534883721,0.7385892116182573,0.6741573033707866,0.16417910447761194,0.9290187891440501,0.54,0.12929082467932446
D1_finetune_sel_drop_coffeetest,d1_20261008_sel_drop_coffeetest/D1_finetune_qa_20261007_predictions.csv,rf_boos,893,0.3337066069428891,0.16680660509375875,0.3325867861142217,0.0,0.0,0.5004198152812762,0.0,0.0,1.0,0.5974279243589944
D1_finetune_sel_drop_coffeetest,d1_20261008_sel_drop_coffeetest/D1_finetune_qa_20261007_predictions.csv,agtron,561,0.6737967914438503,0.48343701649300536,0.0,0.0,0.7145085803432136,0.7358024691358025,0.0,0.9956521739130435,0.5843137254901961,0.27379719350944065
D1_finetune_sel_drop_coffeetest,d1_20261008_sel_drop_coffeetest/D1_finetune_qa_20261007_predictions.csv,pooled,3395,0.5708394698085419,0.47534400233399277,0.09219440353460973,0.17783191230207065,0.6022253129346313,0.6459747817652763,0.09864864864864865,0.6625860749808722,0.7410979228486647,0.250812539698262
D1_finetune_sel_drop_coffeetest,d1_20261008_sel_drop_coffeetest/D1_finetune_qa_20261008_predictions.csv,ontoum224,895,0.4346368715083799,0.36069641250562307,0.12290502793296089,0.4322916666666667,0.05263157894736843,0.597165991902834,0.27666666666666667,0.03666666666666667,1.0,0.22464867548584536
D1_finetune_sel_drop_coffeetest,d1_20261008_sel_drop_coffeetest/D1_finetune_qa_20261008_predictions.csv,rf_robusta,1046,0.6319311663479924,0.5227252901557392,0.03154875717017208,0.25,0.6263269639065816,0.6918489065606361,0.26865671641791045,0.615866388308977,0.696,0.14760379322863684
D1_finetune_sel_drop_coffeetest,d1_20261008_sel_drop_coffeetest/D1_finetune_qa_20261008_predictions.csv,rf_boos,893,0.38633818589025753,0.26394322359065175,0.1534154535274356,0.0,0.18613861386138614,0.6056910569105691,0.0,0.15771812080536912,1.0,0.42699557284627343
D1_finetune_sel_drop_coffeetest,d1_20261008_sel_drop_coffeetest/D1_finetune_qa_20261008_predictions.csv,agtron,561,0.6274509803921569,0.4452443962715212,0.0,0.0,0.6866566716641679,0.6490765171503957,0.0,0.9956521739130435,0.4823529411764706,0.31798103884368656
D1_finetune_sel_drop_coffeetest,d1_20261008_sel_drop_coffeetest/D1_finetune_qa_20261008_predictions.csv,pooled,3395,0.514580265095729,0.43927009772921743,0.08247422680412371,0.22419533851276355,0.4597156398104265,0.6338993148644623,0.13648648648648648,0.4452945677123183,0.7893175074183977,0.2653029898799821
D1_finetune_sel_strict,d1_20261008_sel_strict_keep_only/D1_finetune_qa_20261006_predictions.csv,ontoum224,895,0.3553072625698324,0.23094780900556003,0.1318435754189944,0.0,0.09467455621301775,0.5981688708036623,0.0,0.08,0.9966101694915255,0.4944178018392415
D1_finetune_sel_strict,d1_20261008_sel_strict_keep_only/D1_finetune_qa_20261006_predictions.csv,rf_robusta,1046,0.5841300191204589,0.40502793578561497,0.01338432122370937,0.0,0.6257777777777778,0.5893060295790672,0.0,0.7348643006263048,0.518,0.2785742063930677
D1_finetune_sel_strict,d1_20261008_sel_strict_keep_only/D1_finetune_qa_20261006_predictions.csv,rf_boos,893,0.3348264277715566,0.16932432457858482,0.3303471444568869,0.006711409395973153,0.0,0.5012615643397813,0.003367003367003367,0.0,1.0,0.5088150173858004
D1_finetune_sel_strict,d1_20261008_sel_strict_keep_only/D1_finetune_qa_20261006_predictions.csv,agtron,561,0.6595365418894831,0.47200951150061005,0.0,0.0,0.7057010785824347,0.7103274559193955,0.0,0.9956521739130435,0.5529411764705883,0.2677525100646884
D1_finetune_sel_strict,d1_20261008_sel_strict_keep_only/D1_finetune_qa_20261006_predictions.csv,pooled,3395,0.4706921944035346,0.34900765082020824,0.12577319587628866,0.0026246719160104987,0.4689922480620155,0.5754060324825986,0.0013513513513513514,0.4628921193573068,0.7359050445103857,0.393422964302506
D1_finetune_sel_strict,d1_20261008_sel_strict_keep_only/D1_finetune_qa_20261007_predictions.csv,ontoum224,895,0.6692737430167598,0.6414020286437286,0.013407821229050279,0.45360824742268036,0.6151761517615177,0.8554216867469879,0.29333333333333333,0.7566666666666667,0.9627118644067797,0.11770399905916537
D1_finetune_sel_strict,d1_20261008_sel_strict_keep_only/D1_finetune_qa_20261007_predictions.csv,rf_robusta,1046,0.6376673040152964,0.47051037231735754,0.019120458891013385,0.08620689655172413,0.6985726280436607,0.6267515923566879,0.07462686567164178,0.8684759916492694,0.492,0.13151184916294978
D1_finetune_sel_strict,d1_20261008_sel_strict_keep_only/D1_finetune_qa_20261007_predictions.csv,rf_boos,893,0.3337066069428891,0.16907801418439716,0.3146696528555431,0.0,0.0,0.5072340425531915,0.0,0.0,1.0,0.5239916417408348
D1_finetune_sel_strict,d1_20261008_sel_strict_keep_only/D1_finetune_qa_20261007_predictions.csv,agtron,561,0.679144385026738,0.48879530756504735,0.0,0.0,0.7049180327868853,0.7614678899082569,0.0,0.9347826086956522,0.6509803921568628,0.26489025298893887
D1_finetune_sel_strict,d1_20261008_sel_strict_keep_only/D1_finetune_qa_20261007_predictions.csv,pooled,3395,0.572901325478645,0.4877439987581787,0.09219440353460973,0.2120866590649943,0.6014721345951628,0.6496732026143791,0.12567567567567567,0.6564651874521805,0.7373887240356083,0.2527710183186883
D1_finetune_sel_strict,d1_20261008_sel_strict_keep_only/D1_finetune_qa_20261008_predictions.csv,ontoum224,895,0.5787709497206703,0.48111945928116623,0.0,0.0,0.56815578465063,0.8752025931928686,0.0,0.8266666666666667,0.9152542372881356,0.31720308633337796
D1_finetune_sel_strict,d1_20261008_sel_strict_keep_only/D1_finetune_qa_20261008_predictions.csv,rf_robusta,1046,0.6175908221797323,0.4348438623820443,0.0028680688336520078,0.02777777777777778,0.6041874376869392,0.672566371681416,0.014925373134328358,0.6325678496868476,0.684,0.22897811881221064
D1_finetune_sel_strict,d1_20261008_sel_strict_keep_only/D1_finetune_qa_20261008_predictions.csv,rf_boos,893,0.3337066069428891,0.18938671750873848,0.17357222844344905,0.0,0.0,0.5681601525262154,0.0,0.0,1.0,0.4427438633334357
D1_finetune_sel_strict,d1_20261008_sel_strict_keep_only/D1_finetune_qa_20261008_predictions.csv,agtron,561,0.5008912655971479,0.3183183183183183,0.0,0.0,0.6216216216216216,0.33333333333333337,0.0,1.0,0.2,0.46585265801519016
D1_finetune_sel_strict,d1_20261008_sel_strict_keep_only/D1_finetune_qa_20261008_predictions.csv,pooled,3395,0.51340206185567,0.3856115470308528,0.04653902798232695,0.002684563758389262,0.5111256544502617,0.6430244228839077,0.0013513513513513514,0.5975516449885233,0.7129080118694362,0.3381080433804806
D1_finetune_onnx_fp32,d1_export_folds_20261008/D1_finetune_pooled_predictions.csv,ontoum224,895,0.5564245810055866,0.4644318238930492,0.10837988826815642,0.6091370558375635,0.0,0.7841584158415842,1.0,0.0,0.6711864406779661,0.17022422970230033
D1_finetune_onnx_fp32,d1_export_folds_20261008/D1_finetune_pooled_predictions.csv,rf_robusta,1046,0.6520076481835564,0.4833129833129833,0.032504780114722756,0.07518796992481203,0.7105263157894736,0.6642246642246643,0.07462686567164178,0.8455114822546973,0.544,0.17713434468881922
D1_finetune_onnx_fp32,d1_export_folds_20261008/D1_finetune_pooled_predictions.csv,rf_boos,893,0.3964165733482643,0.282509854526025,0.25755879059350506,0.31728045325779036,0.0,0.5302491103202847,0.18855218855218855,0.0,1.0,0.3942819978676866
D1_finetune_onnx_fp32,d1_export_folds_20261008/D1_finetune_pooled_predictions.csv,agtron,561,0.6256684491978609,0.44339472848523337,0.0,0.0,0.6865671641791045,0.6436170212765957,0.0,1.0,0.4745098039215686,0.3398706953276522
D1_finetune_onnx_fp32,d1_export_folds_20261008/D1_finetune_pooled_predictions.csv,pooled,3395,0.5552282768777614,0.5404411650366491,0.10633284241531664,0.46670976082740795,0.5250103348491113,0.6296033994334278,0.48783783783783785,0.48584544758990056,0.6594955489614244,0.25524146633332856
D1_finetune_onnx_int8,d1_export_folds_20261008/D1_finetune_pooled_predictions.csv,ontoum224,895,0.5508379888268157,0.5254499858645153,0.0011173184357541898,0.3259668508287292,0.5664864864864865,0.6838966202783301,0.19666666666666666,0.8733333333333333,0.5830508474576271,0.030882732891730946
D1_finetune_onnx_int8,d1_export_folds_20261008/D1_finetune_pooled_predictions.csv,rf_robusta,1046,0.4588910133843212,0.21331650939945868,0.0009560229445506692,0.0,0.6280447662936142,0.011904761904761906,0.0,0.9958246346555324,0.006,0.3912344507235083
D1_finetune_onnx_int8,d1_export_folds_20261008/D1_finetune_pooled_predictions.csv,rf_boos,893,0.3325867861142217,0.17235659069042167,0.0022396416573348264,0.019607843137254905,0.49746192893401014,0.0,0.010101010101010102,0.9865771812080537,0.0,0.15680588149370817
D1_finetune_onnx_int8,d1_export_folds_20261008/D1_finetune_pooled_predictions.csv,agtron,561,0.4028520499108734,0.19144430326132997,0.0,0.0,0.5743329097839899,0.0,0.0,0.9826086956521739,0.0,0.28456900058828855
D1_finetune_onnx_int8,d1_export_folds_20261008/D1_finetune_pooled_predictions.csv,pooled,3395,0.4406480117820324,0.31557355416490035,0.00117820324005891,0.15177478580171358,0.5705869023340132,0.22435897435897437,0.08378378378378379,0.96327467482785,0.1298219584569733,0.20230784054048304
