run,model,config,eval_view,fold,n,acc,macro_f1,cross_step_rate,light_p,light_r,light_f1,medium_p,medium_r,medium_f1,dark_p,dark_r,dark_f1
R0,B0,L_med,bbox,ontoum224,895,0.6324,0.6287,0.0,1.0,0.37,0.5401,0.4705,0.77,0.5841,0.7645,0.7593,0.7619
R0,B0,L_med,bbox,rf_robusta,1046,0.5449,0.3692,0.0736,0.0,0.0,0.0,0.6818,0.3132,0.4292,0.5691,0.84,0.6785
R0,B0,L_med,bbox,rf_boos,893,0.3617,0.3417,0.1109,0.5337,0.6667,0.5928,0.1156,0.0872,0.0994,0.3333,0.3322,0.3328
R0,B0,L_med,bbox,agtron,561,0.7772,0.5904,0.0018,1.0,0.0658,0.1235,0.7023,0.8,0.748,0.8401,0.9686,0.8998
R0,B0,L_med,bbox,mean,,0.5791,0.4825,0.0466,,,,,,,,,
R0,B0,L_med,bbox,pooled,3395,0.5582,0.5387,0.0521,0.5461,0.4243,0.4776,0.4933,0.4522,0.4719,0.6104,0.7344,0.6667
R0,B0,L_med,pipeline,ontoum224,895,0.6324,0.6287,0.0,1.0,0.37,0.5401,0.4705,0.77,0.5841,0.7645,0.7593,0.7619
R0,B0,L_med,pipeline,rf_robusta,1046,0.4904,0.4161,0.1453,0.0355,0.1791,0.0593,0.6296,0.4969,0.5554,0.797,0.526,0.6337
R0,B0,L_med,pipeline,rf_boos,893,0.5868,0.6012,0.1109,1.0,0.6667,0.8,0.5378,0.6678,0.5958,0.3908,0.4262,0.4077
R0,B0,L_med,pipeline,agtron,561,0.7772,0.5904,0.0018,1.0,0.0658,0.1235,0.7023,0.8,0.748,0.8401,0.9686,0.8998
R0,B0,L_med,pipeline,mean,,0.6217,0.5591,0.0645,,,,,,,,,
R0,B0,L_med,pipeline,pooled,3395,0.6006,0.58,0.0742,0.5,0.4405,0.4684,0.5676,0.6519,0.6068,0.6932,0.6387,0.6649
R0,B1-small,small|C=0.001,bbox,ontoum224,895,0.7106,0.6917,0.0156,0.5861,0.9533,0.7259,0.6871,0.3367,0.4519,0.9577,0.8441,0.8973
R0,B1-small,small|C=0.001,bbox,rf_robusta,1046,0.6281,0.4482,0.0143,0.0,0.0,0.0,0.6596,0.453,0.5371,0.7458,0.88,0.8073
R0,B1-small,small|C=0.001,bbox,rf_boos,893,0.3337,0.1668,0.3326,0.0,0.0,0.0,0.0,0.0,0.0,0.3337,1.0,0.5004
R0,B1-small,small|C=0.001,bbox,agtron,561,0.5187,0.5274,0.0036,0.3673,0.9474,0.5294,0.4252,0.4696,0.4463,1.0,0.4353,0.6066
R0,B1-small,small|C=0.001,bbox,mean,,0.5478,0.4585,0.0915,,,,,,,,,
R0,B1-small,small|C=0.001,bbox,pooled,3395,0.5543,0.5219,0.0966,0.4414,0.4838,0.4616,0.5836,0.3259,0.4183,0.5922,0.8145,0.6858
R0,B1-small,small|C=0.001,pipeline,ontoum224,895,0.7106,0.6917,0.0156,0.5861,0.9533,0.7259,0.6871,0.3367,0.4519,0.9577,0.8441,0.8973
R0,B1-small,small|C=0.001,pipeline,rf_robusta,1046,0.5105,0.4221,0.13,0.0593,0.2985,0.099,0.7512,0.3215,0.4503,0.7143,0.72,0.7171
R0,B1-small,small|C=0.001,pipeline,rf_boos,893,0.3337,0.1757,0.2654,0.0,0.0,0.0,0.0,0.0,0.0,0.3577,1.0,0.527
R0,B1-small,small|C=0.001,pipeline,agtron,561,0.5187,0.5274,0.0036,0.3673,0.9474,0.5294,0.4252,0.4696,0.4463,1.0,0.4353,0.6066
R0,B1-small,small|C=0.001,pipeline,mean,,0.5184,0.4542,0.1037,,,,,,,,,
R0,B1-small,small|C=0.001,pipeline,pooled,3395,0.5181,0.4878,0.1146,0.3702,0.5108,0.4293,0.545,0.2777,0.368,0.596,0.7552,0.6662
R0,B1-small,small|C=0.01,bbox,ontoum224,895,0.6179,0.5724,0.0302,0.5112,0.9867,0.6735,0.4211,0.1333,0.2025,0.9819,0.7356,0.8411
R0,B1-small,small|C=0.01,bbox,rf_robusta,1046,0.6692,0.466,0.0115,0.0,0.0,0.0,0.7164,0.501,0.5897,0.721,0.92,0.8084
R0,B1-small,small|C=0.01,bbox,rf_boos,893,0.3337,0.1702,0.3057,0.0,0.0,0.0,0.0,0.0,0.0,0.3429,1.0,0.5107
R0,B1-small,small|C=0.01,bbox,agtron,561,0.4563,0.4662,0.0089,0.3188,0.8684,0.4664,0.3643,0.4087,0.3852,1.0,0.3765,0.547
R0,B1-small,small|C=0.01,bbox,mean,,0.5193,0.4187,0.0891,,,,,,,,,
R0,B1-small,small|C=0.01,bbox,pooled,3395,0.5323,0.4995,0.0934,0.4214,0.4892,0.4528,0.5253,0.2862,0.3705,0.5872,0.7945,0.6753
R0,B1-small,small|C=0.01,pipeline,ontoum224,895,0.6179,0.5724,0.0302,0.5112,0.9867,0.6735,0.4211,0.1333,0.2025,0.9819,0.7356,0.8411
R0,B1-small,small|C=0.01,pipeline,rf_robusta,1046,0.5019,0.3935,0.1176,0.0536,0.209,0.0854,0.7056,0.2902,0.4112,0.6327,0.744,0.6838
R0,B1-small,small|C=0.01,pipeline,rf_boos,893,0.3337,0.1757,0.2654,0.0,0.0,0.0,0.0,0.0,0.0,0.3577,1.0,0.527
R0,B1-small,small|C=0.01,pipeline,agtron,561,0.4563,0.4662,0.0089,0.3188,0.8684,0.4664,0.3643,0.4087,0.3852,1.0,0.3765,0.547
R0,B1-small,small|C=0.01,pipeline,mean,,0.4775,0.4019,0.1055,,,,,,,,,
R0,B1-small,small|C=0.01,pipeline,pooled,3395,0.4807,0.4476,0.1155,0.3591,0.5081,0.4208,0.4475,0.2089,0.2848,0.5656,0.7292,0.6371
R0,B1-small,small|C=0.1,bbox,ontoum224,895,0.5352,0.4883,0.0402,0.4909,0.9933,0.6571,0.197,0.0867,0.1204,0.9936,0.5254,0.6874
R0,B1-small,small|C=0.1,bbox,rf_robusta,1046,0.6319,0.4178,0.0048,0.0,0.0,0.0,0.6926,0.3716,0.4837,0.6397,0.966,0.7697
R0,B1-small,small|C=0.1,bbox,rf_boos,893,0.3337,0.1806,0.2307,0.0,0.0,0.0,0.0,0.0,0.0,0.3716,1.0,0.5418
R0,B1-small,small|C=0.1,bbox,agtron,561,0.3672,0.3779,0.0446,0.2379,0.8421,0.371,0.25,0.2174,0.2326,1.0,0.3608,0.5303
R0,B1-small,small|C=0.1,bbox,mean,,0.467,0.3662,0.0801,,,,,,,,,
R0,B1-small,small|C=0.1,bbox,pooled,3395,0.4842,0.4488,0.0801,0.3978,0.4892,0.4388,0.3735,0.1943,0.2557,0.5695,0.7626,0.6521
R0,B1-small,small|C=0.1,pipeline,ontoum224,895,0.5352,0.4883,0.0402,0.4909,0.9933,0.6571,0.197,0.0867,0.1204,0.9936,0.5254,0.6874
R0,B1-small,small|C=0.1,pipeline,rf_robusta,1046,0.4101,0.266,0.1004,0.058,0.1791,0.0876,0.2963,0.0501,0.0857,0.5185,0.786,0.6248
R0,B1-small,small|C=0.1,pipeline,rf_boos,893,0.3337,0.176,0.2632,0.0,0.0,0.0,0.0,0.0,0.0,0.3586,1.0,0.5279
R0,B1-small,small|C=0.1,pipeline,agtron,561,0.3672,0.3779,0.0446,0.2379,0.8421,0.371,0.25,0.2174,0.2326,1.0,0.3608,0.5303
R0,B1-small,small|C=0.1,pipeline,mean,,0.4116,0.3271,0.1121,,,,,,,,,
R0,B1-small,small|C=0.1,pipeline,pooled,3395,0.4159,0.3705,0.1181,0.3453,0.5054,0.4103,0.2105,0.0765,0.1122,0.5106,0.6958,0.589
R0,B1,Lab_hist|C=0.01,bbox,ontoum224,895,0.8972,0.8981,0.0,0.9459,0.9333,0.9396,0.8152,0.8967,0.854,0.9442,0.861,0.9007
R0,B1,Lab_hist|C=0.01,bbox,rf_robusta,1046,0.5822,0.4057,0.0449,0.0,0.0,0.0,0.6692,0.3674,0.4744,0.6502,0.866,0.7427
R0,B1,Lab_hist|C=0.01,bbox,rf_boos,893,0.5218,0.5337,0.1691,1.0,0.4444,0.6154,0.5293,0.6678,0.5905,0.3506,0.453,0.3953
R0,B1,Lab_hist|C=0.01,bbox,agtron,561,0.4724,0.4636,0.0838,0.2692,0.7368,0.3944,0.4647,0.5435,0.501,1.0,0.3294,0.4956
R0,B1,Lab_hist|C=0.01,bbox,mean,,0.6184,0.5753,0.0745,,,,,,,,,
R0,B1,Lab_hist|C=0.01,bbox,pooled,3395,0.6312,0.6299,0.0722,0.6215,0.6324,0.6269,0.6212,0.5884,0.6043,0.6453,0.6721,0.6584
R0,B1,Lab_hist|C=0.01,pipeline,ontoum224,895,0.8972,0.8981,0.0,0.9459,0.9333,0.9396,0.8152,0.8967,0.854,0.9442,0.861,0.9007
R0,B1,Lab_hist|C=0.01,pipeline,rf_robusta,1046,0.4771,0.3959,0.1109,0.0417,0.1791,0.0676,0.5632,0.4468,0.4983,0.7222,0.546,0.6219
R0,B1,Lab_hist|C=0.01,pipeline,rf_boos,893,0.6204,0.597,0.0437,1.0,0.3704,0.5405,0.4966,0.4899,0.4932,0.6094,1.0,0.7573
R0,B1,Lab_hist|C=0.01,pipeline,agtron,561,0.4724,0.4636,0.0838,0.2692,0.7368,0.3944,0.4647,0.5435,0.501,1.0,0.3294,0.4956
R0,B1,Lab_hist|C=0.01,pipeline,mean,,0.6168,0.5887,0.0596,,,,,,,,,
R0,B1,Lab_hist|C=0.01,pipeline,pooled,3395,0.6247,0.6168,0.0595,0.5078,0.6189,0.5579,0.5923,0.5769,0.5845,0.7451,0.6743,0.7079
R0,B1,Lab_hist|C=0.1,bbox,ontoum224,895,0.8782,0.8782,0.0,0.941,0.9567,0.9488,0.756,0.94,0.838,1.0,0.7356,0.8477
R0,B1,Lab_hist|C=0.1,bbox,rf_robusta,1046,0.6004,0.4046,0.0277,0.0,0.0,0.0,0.6815,0.3528,0.4649,0.6322,0.918,0.7488
R0,B1,Lab_hist|C=0.1,bbox,rf_boos,893,0.7447,0.7377,0.0302,1.0,0.569,0.7253,0.6622,0.6644,0.6633,0.7012,1.0,0.8243
R0,B1,Lab_hist|C=0.1,bbox,agtron,561,0.4314,0.4339,0.107,0.2556,0.9079,0.3988,0.43,0.387,0.4073,1.0,0.3294,0.4956
R0,B1,Lab_hist|C=0.1,bbox,mean,,0.6637,0.6136,0.0412,,,,,,,,,
R0,B1,Lab_hist|C=0.1,bbox,pooled,3395,0.6837,0.679,0.0342,0.6434,0.7095,0.6748,0.6548,0.5647,0.6064,0.7287,0.7849,0.7557
R0,B1,Lab_hist|C=0.1,pipeline,ontoum224,895,0.8782,0.8782,0.0,0.941,0.9567,0.9488,0.756,0.94,0.838,1.0,0.7356,0.8477
R0,B1,Lab_hist|C=0.1,pipeline,rf_robusta,1046,0.521,0.4138,0.0736,0.0705,0.1642,0.0987,0.5538,0.5908,0.5717,0.6623,0.502,0.5711
R0,B1,Lab_hist|C=0.1,pipeline,rf_boos,893,0.3841,0.3007,0.0437,1.0,0.1515,0.2632,0.0,0.0,0.0,0.4693,1.0,0.6388
R0,B1,Lab_hist|C=0.1,pipeline,agtron,561,0.4314,0.4339,0.107,0.2556,0.9079,0.3988,0.43,0.387,0.4073,1.0,0.3294,0.4956
R0,B1,Lab_hist|C=0.1,pipeline,mean,,0.5537,0.5066,0.0561,,,,,,,,,
R0,B1,Lab_hist|C=0.1,pipeline,pooled,3395,0.5644,0.561,0.0518,0.5309,0.5568,0.5435,0.5015,0.5004,0.501,0.6464,0.6306,0.6384
R0,B1,Lab_hist|C=1.0,bbox,ontoum224,895,0.9006,0.9011,0.0011,0.9439,0.9533,0.9486,0.7994,0.9433,0.8654,0.9958,0.8034,0.8893
R0,B1,Lab_hist|C=1.0,bbox,rf_robusta,1046,0.5841,0.3928,0.021,0.0,0.0,0.0,0.625,0.3445,0.4441,0.6238,0.892,0.7342
R0,B1,Lab_hist|C=1.0,bbox,rf_boos,893,0.8052,0.8026,0.0,1.0,0.7744,0.8729,0.7403,0.6409,0.6871,0.7358,1.0,0.8478
R0,B1,Lab_hist|C=1.0,bbox,agtron,561,0.3636,0.3701,0.0998,0.2451,0.9868,0.3927,0.3039,0.2391,0.2676,1.0,0.2902,0.4498
R0,B1,Lab_hist|C=1.0,bbox,mean,,0.6634,0.6166,0.0305,,,,,,,,,
R0,B1,Lab_hist|C=1.0,bbox,pooled,3395,0.6892,0.6881,0.0233,0.6523,0.7986,0.7181,0.6566,0.531,0.5871,0.7367,0.7826,0.759
R0,B1,Lab_hist|C=1.0,pipeline,ontoum224,895,0.9006,0.9011,0.0011,0.9439,0.9533,0.9486,0.7994,0.9433,0.8654,0.9958,0.8034,0.8893
R0,B1,Lab_hist|C=1.0,pipeline,rf_robusta,1046,0.4962,0.3958,0.0707,0.0683,0.1642,0.0965,0.5279,0.5136,0.5206,0.6253,0.524,0.5702
R0,B1,Lab_hist|C=1.0,pipeline,rf_boos,893,0.3964,0.3192,0.0414,1.0,0.1886,0.3173,0.0,0.0,0.0,0.4708,1.0,0.6402
R0,B1,Lab_hist|C=1.0,pipeline,agtron,561,0.3636,0.3701,0.0998,0.2451,0.9868,0.3927,0.3039,0.2391,0.2676,1.0,0.2902,0.4498
R0,B1,Lab_hist|C=1.0,pipeline,mean,,0.5392,0.4965,0.0533,,,,,,,,,
R0,B1,Lab_hist|C=1.0,pipeline,pooled,3395,0.5546,0.5513,0.0495,0.5182,0.5784,0.5466,0.4846,0.4468,0.465,0.6386,0.6461,0.6423
R0,B1,Lab_hist|C=10.0,bbox,ontoum224,895,0.9061,0.9077,0.0011,0.9749,0.9067,0.9396,0.8039,0.9567,0.8737,0.973,0.8542,0.9097
R0,B1,Lab_hist|C=10.0,bbox,rf_robusta,1046,0.5545,0.3713,0.0258,0.0,0.0,0.0,0.5826,0.2944,0.3911,0.614,0.878,0.7226
R0,B1,Lab_hist|C=10.0,bbox,rf_boos,893,0.7648,0.7604,0.0,1.0,0.7239,0.8398,0.6746,0.5705,0.6182,0.6995,1.0,0.8232
R0,B1,Lab_hist|C=10.0,bbox,agtron,561,0.2977,0.304,0.0909,0.2331,1.0,0.3781,0.1771,0.1348,0.1531,1.0,0.2353,0.381
R0,B1,Lab_hist|C=10.0,bbox,mean,,0.6308,0.5858,0.0295,,,,,,,,,
R0,B1,Lab_hist|C=10.0,bbox,pooled,3395,0.6601,0.6564,0.0233,0.6194,0.7608,0.6828,0.6131,0.4813,0.5392,0.7185,0.7782,0.7472
R0,B1,Lab_hist|C=10.0,pipeline,ontoum224,895,0.9061,0.9077,0.0011,0.9749,0.9067,0.9396,0.8039,0.9567,0.8737,0.973,0.8542,0.9097
R0,B1,Lab_hist|C=10.0,pipeline,rf_robusta,1046,0.4837,0.3818,0.0688,0.0696,0.1642,0.0978,0.5147,0.4008,0.4507,0.5883,0.606,0.597
R0,B1,Lab_hist|C=10.0,pipeline,rf_boos,893,0.3561,0.2557,0.0403,1.0,0.0673,0.1262,0.0,0.0,0.0,0.4715,1.0,0.6409
R0,B1,Lab_hist|C=10.0,pipeline,agtron,561,0.2977,0.304,0.0909,0.2331,1.0,0.3781,0.1771,0.1348,0.1531,1.0,0.2353,0.381
R0,B1,Lab_hist|C=10.0,pipeline,mean,,0.5109,0.4623,0.0503,,,,,,,,,
R0,B1,Lab_hist|C=10.0,pipeline,pooled,3395,0.5308,0.5208,0.0471,0.484,0.5122,0.4977,0.445,0.3902,0.4158,0.6228,0.6773,0.6489
R1,B0,L_med,bbox,ontoum224,895,0.667,0.6597,0.0022,0.9881,0.5533,0.7094,0.5071,0.4767,0.4914,0.6472,0.9763,0.7784
R1,B0,L_med,bbox,rf_robusta,1046,0.5449,0.3837,0.044,0.0395,0.0896,0.0548,0.6283,0.2505,0.3582,0.6316,0.888,0.7382
R1,B0,L_med,bbox,rf_boos,893,0.542,0.5532,0.1064,0.934,0.6667,0.778,0.4793,0.6208,0.5409,0.3424,0.3389,0.3406
R1,B0,L_med,bbox,agtron,561,0.7023,0.5475,0.0053,1.0,0.1053,0.1905,0.6634,0.5826,0.6204,0.7179,0.9882,0.8317
R1,B0,L_med,bbox,mean,,0.6141,0.536,0.0395,,,,,,,,,
R1,B0,L_med,bbox,pooled,3395,0.6024,0.5909,0.043,0.7,0.5108,0.5906,0.5485,0.4453,0.4916,0.6048,0.8049,0.6906
R1,B0,L_med,pipeline,ontoum224,895,0.667,0.6597,0.0022,0.9881,0.5533,0.7094,0.5071,0.4767,0.4914,0.6472,0.9763,0.7784
R1,B0,L_med,pipeline,rf_robusta,1046,0.4178,0.3495,0.1644,0.0324,0.194,0.0556,0.6094,0.2443,0.3487,0.6777,0.614,0.6443
R1,B0,L_med,pipeline,rf_boos,893,0.5868,0.6012,0.1109,1.0,0.6667,0.8,0.5378,0.6678,0.5958,0.3908,0.4262,0.4077
R1,B0,L_med,pipeline,agtron,561,0.7023,0.5475,0.0053,1.0,0.1053,0.1905,0.6634,0.5826,0.6204,0.7179,0.9882,0.8317
R1,B0,L_med,pipeline,mean,,0.5935,0.5395,0.0707,,,,,,,,,
R1,B0,L_med,pipeline,pooled,3395,0.575,0.5597,0.0813,0.4968,0.5203,0.5083,0.5669,0.4537,0.504,0.6188,0.7226,0.6667
R1,B1-small,small|C=0.001,bbox,ontoum224,895,0.6972,0.6587,0.0179,0.5608,0.9833,0.7143,0.7419,0.23,0.3511,0.942,0.8814,0.9107
R1,B1-small,small|C=0.001,bbox,rf_robusta,1046,0.6501,0.5681,0.0191,0.2549,0.7761,0.3838,0.7759,0.3904,0.5194,0.7338,0.882,0.8011
R1,B1-small,small|C=0.001,bbox,rf_boos,893,0.3337,0.1757,0.2654,0.0,0.0,0.0,0.0,0.0,0.0,0.3577,1.0,0.527
R1,B1-small,small|C=0.001,bbox,agtron,561,0.5152,0.524,0.0036,0.3614,0.9605,0.5252,0.4187,0.4478,0.4328,1.0,0.4431,0.6141
R1,B1-small,small|C=0.001,bbox,mean,,0.549,0.4816,0.0765,,,,,,,,,
R1,B1-small,small|C=0.001,bbox,pooled,3395,0.557,0.5242,0.081,0.4506,0.5676,0.5024,0.5609,0.2747,0.3688,0.61,0.8249,0.7014
R1,B1-small,small|C=0.001,pipeline,ontoum224,895,0.6972,0.6587,0.0179,0.5608,0.9833,0.7143,0.7419,0.23,0.3511,0.942,0.8814,0.9107
R1,B1-small,small|C=0.001,pipeline,rf_robusta,1046,0.4962,0.4155,0.1367,0.0566,0.3134,0.0959,0.7436,0.3027,0.4303,0.7354,0.706,0.7204
R1,B1-small,small|C=0.001,pipeline,rf_boos,893,0.3337,0.1757,0.2654,0.0,0.0,0.0,0.0,0.0,0.0,0.3577,1.0,0.527
R1,B1-small,small|C=0.001,pipeline,agtron,561,0.5152,0.524,0.0036,0.3614,0.9605,0.5252,0.4187,0.4478,0.4328,1.0,0.4431,0.6141
R1,B1-small,small|C=0.001,pipeline,mean,,0.5106,0.4435,0.1059,,,,,,,,,
R1,B1-small,small|C=0.001,pipeline,pooled,3395,0.5096,0.476,0.1172,0.354,0.5257,0.4231,0.5337,0.2425,0.3335,0.6016,0.7596,0.6715
R1,B1-small,small|C=0.01,bbox,ontoum224,895,0.6469,0.6,0.0201,0.5312,0.9933,0.6922,0.5111,0.1533,0.2359,0.9631,0.7966,0.872
R1,B1-small,small|C=0.01,bbox,rf_robusta,1046,0.6176,0.4947,0.0191,0.1453,0.3881,0.2114,0.7037,0.357,0.4737,0.7196,0.898,0.7989
R1,B1-small,small|C=0.01,bbox,rf_boos,893,0.3337,0.1767,0.2576,0.0,0.0,0.0,0.0,0.0,0.0,0.3608,1.0,0.5302
R1,B1-small,small|C=0.01,bbox,agtron,561,0.4831,0.4932,0.0018,0.3487,0.8947,0.5018,0.3895,0.4522,0.4185,1.0,0.3882,0.5593
R1,B1-small,small|C=0.01,bbox,mean,,0.5203,0.4412,0.0746,,,,,,,,,
R1,B1-small,small|C=0.01,bbox,pooled,3395,0.5284,0.4939,0.0792,0.4193,0.5297,0.4681,0.4813,0.2456,0.3252,0.6029,0.8019,0.6883
R1,B1-small,small|C=0.01,pipeline,ontoum224,895,0.6469,0.6,0.0201,0.5312,0.9933,0.6922,0.5111,0.1533,0.2359,0.9631,0.7966,0.872
R1,B1-small,small|C=0.01,pipeline,rf_robusta,1046,0.4857,0.4046,0.1405,0.0507,0.2836,0.086,0.734,0.2881,0.4138,0.7267,0.702,0.7141
R1,B1-small,small|C=0.01,pipeline,rf_boos,893,0.3337,0.1757,0.2654,0.0,0.0,0.0,0.0,0.0,0.0,0.3577,1.0,0.527
R1,B1-small,small|C=0.01,pipeline,agtron,561,0.4831,0.4932,0.0018,0.3487,0.8947,0.5018,0.3895,0.4522,0.4185,1.0,0.3882,0.5593
R1,B1-small,small|C=0.01,pipeline,mean,,0.4873,0.4184,0.107,,,,,,,,,
R1,B1-small,small|C=0.01,pipeline,pooled,3395,0.4878,0.4555,0.1187,0.3404,0.5203,0.4115,0.476,0.2204,0.3013,0.5925,0.7292,0.6538
R1,B1-small,small|C=0.1,bbox,ontoum224,895,0.5564,0.5119,0.0246,0.5102,1.0,0.6757,0.2263,0.1033,0.1419,0.9824,0.5661,0.7183
R1,B1-small,small|C=0.1,bbox,rf_robusta,1046,0.6013,0.46,0.0191,0.1093,0.2985,0.16,0.705,0.2944,0.4153,0.7059,0.936,0.8048
R1,B1-small,small|C=0.1,bbox,rf_boos,893,0.3371,0.1868,0.2262,0.0,0.0,0.0,0.0306,0.0101,0.0152,0.3748,1.0,0.5453
R1,B1-small,small|C=0.1,bbox,agtron,561,0.3832,0.3966,0.0196,0.2695,0.9079,0.4157,0.2535,0.2348,0.2438,1.0,0.3608,0.5303
R1,B1-small,small|C=0.1,bbox,mean,,0.4695,0.3888,0.0724,,,,,,,,,
R1,B1-small,small|C=0.1,bbox,pooled,3395,0.4839,0.4476,0.0751,0.3788,0.5257,0.4403,0.3534,0.1752,0.2343,0.5959,0.7604,0.6682
R1,B1-small,small|C=0.1,pipeline,ontoum224,895,0.5564,0.5119,0.0246,0.5102,1.0,0.6757,0.2263,0.1033,0.1419,0.9824,0.5661,0.7183
R1,B1-small,small|C=0.1,pipeline,rf_robusta,1046,0.4598,0.3732,0.1415,0.0526,0.2836,0.0888,0.6962,0.2296,0.3454,0.6679,0.704,0.6855
R1,B1-small,small|C=0.1,pipeline,rf_boos,893,0.3337,0.1758,0.2643,0.0,0.0,0.0,0.0,0.0,0.0,0.3582,1.0,0.5274
R1,B1-small,small|C=0.1,pipeline,agtron,561,0.3832,0.3966,0.0196,0.2695,0.9079,0.4157,0.2535,0.2348,0.2438,1.0,0.3608,0.5303
R1,B1-small,small|C=0.1,pipeline,mean,,0.4333,0.3644,0.1125,,,,,,,,,
R1,B1-small,small|C=0.1,pipeline,pooled,3395,0.4395,0.4064,0.1228,0.322,0.5243,0.399,0.3427,0.1492,0.2079,0.5608,0.6743,0.6123
R1,B1,Lab_hist|C=0.01,bbox,ontoum224,895,0.8771,0.8766,0.0022,0.9238,0.97,0.9463,0.7981,0.8567,0.8264,0.9186,0.8034,0.8571
R1,B1,Lab_hist|C=0.01,bbox,rf_robusta,1046,0.6138,0.4652,0.0115,0.0769,0.1343,0.0978,0.6218,0.4635,0.5311,0.7185,0.822,0.7668
R1,B1,Lab_hist|C=0.01,bbox,rf_boos,893,0.766,0.7649,0.0437,1.0,0.6667,0.8,0.737,0.6678,0.7007,0.6753,0.9631,0.7939
R1,B1,Lab_hist|C=0.01,bbox,agtron,561,0.4599,0.4599,0.0927,0.2551,0.9868,0.4054,0.4286,0.2739,0.3342,1.0,0.4706,0.64
R1,B1,Lab_hist|C=0.01,bbox,mean,,0.6792,0.6417,0.0375,,,,,,,,,
R1,B1,Lab_hist|C=0.01,bbox,pooled,3395,0.6978,0.6934,0.0309,0.6201,0.7743,0.6887,0.6761,0.5669,0.6167,0.7673,0.7826,0.7749
R1,B1,Lab_hist|C=0.01,pipeline,ontoum224,895,0.8771,0.8766,0.0022,0.9238,0.97,0.9463,0.7981,0.8567,0.8264,0.9186,0.8034,0.8571
R1,B1,Lab_hist|C=0.01,pipeline,rf_robusta,1046,0.5239,0.4266,0.0574,0.0824,0.2239,0.1205,0.5386,0.5971,0.5663,0.7417,0.494,0.593
R1,B1,Lab_hist|C=0.01,pipeline,rf_boos,893,0.7189,0.7122,0.0437,1.0,0.6667,0.8,0.7087,0.4899,0.5794,0.6094,1.0,0.7573
R1,B1,Lab_hist|C=0.01,pipeline,agtron,561,0.4599,0.4599,0.0927,0.2551,0.9868,0.4054,0.4286,0.2739,0.3342,1.0,0.4706,0.64
R1,B1,Lab_hist|C=0.01,pipeline,mean,,0.645,0.6188,0.049,,,,,,,,,
R1,B1,Lab_hist|C=0.01,pipeline,pooled,3395,0.6577,0.6587,0.0451,0.5854,0.7824,0.6698,0.6235,0.5754,0.5985,0.7517,0.6691,0.708
R1,B1,Lab_hist|C=0.1,bbox,ontoum224,895,0.8313,0.8278,0.0022,0.8859,0.9833,0.9321,0.7024,0.8733,0.7786,0.9894,0.6339,0.7727
R1,B1,Lab_hist|C=0.1,bbox,rf_robusta,1046,0.5774,0.4218,0.0067,0.0706,0.0896,0.0789,0.5679,0.3841,0.4583,0.6499,0.828,0.7282
R1,B1,Lab_hist|C=0.1,bbox,rf_boos,893,0.7626,0.7593,0.0437,1.0,0.6599,0.7951,0.751,0.6275,0.6837,0.6652,1.0,0.7989
R1,B1,Lab_hist|C=0.1,bbox,agtron,561,0.3708,0.3714,0.139,0.219,1.0,0.3593,0.3109,0.1609,0.212,1.0,0.3725,0.5429
R1,B1,Lab_hist|C=0.1,bbox,mean,,0.6355,0.5951,0.0479,,,,,,,,,
R1,B1,Lab_hist|C=0.1,bbox,pooled,3395,0.6589,0.6568,0.0371,0.5963,0.7743,0.6737,0.6291,0.5126,0.5649,0.7261,0.7374,0.7317
R1,B1,Lab_hist|C=0.1,pipeline,ontoum224,895,0.8313,0.8278,0.0022,0.8859,0.9833,0.9321,0.7024,0.8733,0.7786,0.9894,0.6339,0.7727
R1,B1,Lab_hist|C=0.1,pipeline,rf_robusta,1046,0.4914,0.3916,0.0507,0.0748,0.1642,0.1028,0.5,0.5678,0.5318,0.6507,0.462,0.5404
R1,B1,Lab_hist|C=0.1,pipeline,rf_boos,893,0.505,0.4454,0.0437,1.0,0.4916,0.6591,0.0588,0.0235,0.0336,0.4745,1.0,0.6436
R1,B1,Lab_hist|C=0.1,pipeline,agtron,561,0.3708,0.3714,0.139,0.219,1.0,0.3593,0.3109,0.1609,0.212,1.0,0.3725,0.5429
R1,B1,Lab_hist|C=0.1,pipeline,mean,,0.5496,0.5091,0.0589,,,,,,,,,
R1,B1,Lab_hist|C=0.1,pipeline,pooled,3395,0.5647,0.5688,0.0507,0.5427,0.7135,0.6165,0.5004,0.4422,0.4695,0.6401,0.6016,0.6203
R1,B1,Lab_hist|C=1.0,bbox,ontoum224,895,0.8212,0.8176,0.0022,0.8799,0.9767,0.9258,0.6888,0.8633,0.7663,0.9839,0.6203,0.7609
R1,B1,Lab_hist|C=1.0,bbox,rf_robusta,1046,0.5516,0.3994,0.0086,0.0581,0.0746,0.0654,0.5292,0.3591,0.4279,0.6299,0.8,0.7048
R1,B1,Lab_hist|C=1.0,bbox,rf_boos,893,0.7592,0.7552,0.028,1.0,0.6599,0.7951,0.7077,0.6174,0.6595,0.6819,1.0,0.8109
R1,B1,Lab_hist|C=1.0,bbox,agtron,561,0.3333,0.3368,0.1176,0.2235,1.0,0.3654,0.2254,0.1391,0.172,1.0,0.3098,0.4731
R1,B1,Lab_hist|C=1.0,bbox,mean,,0.6164,0.5772,0.0391,,,,,,,,,
R1,B1,Lab_hist|C=1.0,bbox,pooled,3395,0.6412,0.6415,0.03,0.5969,0.7703,0.6726,0.5866,0.495,0.5369,0.718,0.7122,0.7151
R1,B1,Lab_hist|C=1.0,pipeline,ontoum224,895,0.8212,0.8176,0.0022,0.8799,0.9767,0.9258,0.6888,0.8633,0.7663,0.9839,0.6203,0.7609
R1,B1,Lab_hist|C=1.0,pipeline,rf_robusta,1046,0.4436,0.36,0.065,0.0649,0.1791,0.0952,0.4652,0.4885,0.4766,0.6089,0.436,0.5082
R1,B1,Lab_hist|C=1.0,pipeline,rf_boos,893,0.4916,0.4291,0.0437,1.0,0.468,0.6376,0.0165,0.0067,0.0095,0.4708,1.0,0.6402
R1,B1,Lab_hist|C=1.0,pipeline,agtron,561,0.3333,0.3368,0.1176,0.2235,1.0,0.3654,0.2254,0.1391,0.172,1.0,0.3098,0.4731
R1,B1,Lab_hist|C=1.0,pipeline,mean,,0.5224,0.4859,0.0571,,,,,,,,,
R1,B1,Lab_hist|C=1.0,pipeline,pooled,3395,0.5376,0.5422,0.0515,0.5216,0.7027,0.5987,0.4615,0.4032,0.4304,0.6194,0.5772,0.5975
R1,B1,Lab_hist|C=10.0,bbox,ontoum224,895,0.8436,0.842,0.0022,0.9316,0.9533,0.9423,0.7098,0.9133,0.7988,0.9653,0.661,0.7847
R1,B1,Lab_hist|C=10.0,bbox,rf_robusta,1046,0.5507,0.3943,0.0105,0.0521,0.0746,0.0613,0.5342,0.3257,0.4047,0.6307,0.83,0.7168
R1,B1,Lab_hist|C=10.0,bbox,rf_boos,893,0.757,0.7527,0.0168,1.0,0.6599,0.7951,0.6791,0.6107,0.6431,0.6946,1.0,0.8198
R1,B1,Lab_hist|C=10.0,bbox,agtron,561,0.3209,0.3291,0.0677,0.2405,1.0,0.3878,0.1657,0.1217,0.1404,1.0,0.298,0.4592
R1,B1,Lab_hist|C=10.0,bbox,mean,,0.618,0.5795,0.0243,,,,,,,,,
R1,B1,Lab_hist|C=10.0,bbox,pooled,3395,0.6442,0.6447,0.0194,0.6153,0.7608,0.6804,0.574,0.4897,0.5285,0.7209,0.73,0.7254
R1,B1,Lab_hist|C=10.0,pipeline,ontoum224,895,0.8436,0.842,0.0022,0.9316,0.9533,0.9423,0.7098,0.9133,0.7988,0.9653,0.661,0.7847
R1,B1,Lab_hist|C=10.0,pipeline,rf_robusta,1046,0.4006,0.3301,0.0755,0.0529,0.1791,0.0816,0.4289,0.4342,0.4315,0.5958,0.398,0.4772
R1,B1,Lab_hist|C=10.0,pipeline,rf_boos,893,0.5095,0.46,0.0437,1.0,0.4512,0.6218,0.1565,0.0772,0.1034,0.4869,1.0,0.6549
R1,B1,Lab_hist|C=10.0,pipeline,agtron,561,0.3209,0.3291,0.0677,0.2405,1.0,0.3878,0.1657,0.1217,0.1404,1.0,0.298,0.4592
R1,B1,Lab_hist|C=10.0,pipeline,mean,,0.5186,0.4903,0.0473,,,,,,,,,
R1,B1,Lab_hist|C=10.0,pipeline,pooled,3395,0.5328,0.538,0.0465,0.5163,0.6865,0.5893,0.449,0.4078,0.4274,0.6275,0.5697,0.5972
R2,B0,L_med,bbox,ontoum224,895,0.8011,0.8,0.0022,0.9183,0.9367,0.9274,0.7138,0.69,0.7017,0.7659,0.7763,0.771
R2,B0,L_med,bbox,rf_robusta,1046,0.5172,0.3945,0.043,0.0833,0.2537,0.1255,0.5446,0.2422,0.3353,0.6486,0.816,0.7228
R2,B0,L_med,bbox,rf_boos,893,0.5554,0.5678,0.1053,1.0,0.6667,0.8,0.4938,0.6678,0.5678,0.339,0.3322,0.3356
R2,B0,L_med,bbox,agtron,561,0.7825,0.6013,0.0018,1.0,0.0789,0.1463,0.7072,0.8087,0.7546,0.8459,0.9686,0.9031
R2,B0,L_med,bbox,mean,,0.6641,0.5909,0.0381,,,,,,,,,
R2,B0,L_med,bbox,pooled,3395,0.6459,0.6499,0.0418,0.7031,0.6784,0.6905,0.6056,0.5417,0.5719,0.6501,0.7292,0.6874
R2,B0,L_med,pipeline,ontoum224,895,0.8011,0.8,0.0022,0.9183,0.9367,0.9274,0.7138,0.69,0.7017,0.7659,0.7763,0.771
R2,B0,L_med,pipeline,rf_robusta,1046,0.4226,0.3768,0.1683,0.0362,0.2388,0.0629,0.5921,0.3424,0.4339,0.8012,0.524,0.6336
R2,B0,L_med,pipeline,rf_boos,893,0.5756,0.5896,0.1109,1.0,0.6667,0.8,0.5237,0.6678,0.587,0.3714,0.3926,0.3817
R2,B0,L_med,pipeline,agtron,561,0.7825,0.6013,0.0018,1.0,0.0789,0.1463,0.7072,0.8087,0.7546,0.8459,0.9686,0.9031
R2,B0,L_med,pipeline,mean,,0.6454,0.5919,0.0708,,,,,,,,,
R2,B0,L_med,pipeline,pooled,3395,0.6221,0.6185,0.0819,0.5263,0.677,0.5922,0.6248,0.5784,0.6007,0.6934,0.6343,0.6625
R2,B1-small,small|C=0.001,bbox,ontoum224,895,0.6894,0.6058,0.0034,0.5629,1.0,0.7203,0.8788,0.0967,0.1742,0.8754,0.9763,0.9231
R2,B1-small,small|C=0.001,bbox,rf_robusta,1046,0.6166,0.4379,0.0096,0.0625,0.0746,0.068,0.6667,0.3674,0.4738,0.661,0.928,0.772
R2,B1-small,small|C=0.001,bbox,rf_boos,893,0.3337,0.1757,0.2654,0.0,0.0,0.0,0.0,0.0,0.0,0.3577,1.0,0.527
R2,B1-small,small|C=0.001,bbox,agtron,561,0.6114,0.6007,0.0,0.4274,0.6974,0.53,0.5196,0.6913,0.5933,1.0,0.5137,0.6788
R2,B1-small,small|C=0.001,bbox,mean,,0.5628,0.455,0.0696,,,,,,,,,
R2,B1-small,small|C=0.001,bbox,pooled,3395,0.5605,0.5203,0.0736,0.4858,0.4838,0.4848,0.549,0.2785,0.3695,0.592,0.8761,0.7066
R2,B1-small,small|C=0.001,pipeline,ontoum224,895,0.6894,0.6058,0.0034,0.5629,1.0,0.7203,0.8788,0.0967,0.1742,0.8754,0.9763,0.9231
R2,B1-small,small|C=0.001,pipeline,rf_robusta,1046,0.4532,0.3224,0.0918,0.0612,0.2239,0.0962,0.5133,0.1211,0.1959,0.5828,0.802,0.6751
R2,B1-small,small|C=0.001,pipeline,rf_boos,893,0.3337,0.1757,0.2654,0.0,0.0,0.0,0.0,0.0,0.0,0.3577,1.0,0.527
R2,B1-small,small|C=0.001,pipeline,agtron,561,0.6114,0.6007,0.0,0.4274,0.6974,0.53,0.5196,0.6913,0.5933,1.0,0.5137,0.6788
R2,B1-small,small|C=0.001,pipeline,mean,,0.5219,0.4261,0.0901,,,,,,,,,
R2,B1-small,small|C=0.001,pipeline,pooled,3395,0.5102,0.4635,0.099,0.408,0.4973,0.4482,0.4805,0.1882,0.2705,0.5644,0.8294,0.6717
R2,B1-small,small|C=0.01,bbox,ontoum224,895,0.6849,0.613,0.0078,0.5446,0.9967,0.7044,0.7907,0.1133,0.1983,0.9241,0.9492,0.9365
R2,B1-small,small|C=0.01,bbox,rf_robusta,1046,0.6252,0.4421,0.0143,0.044,0.0597,0.0506,0.6947,0.38,0.4912,0.6753,0.936,0.7846
R2,B1-small,small|C=0.01,bbox,rf_boos,893,0.3337,0.1761,0.262,0.0,0.0,0.0,0.0,0.0,0.0,0.359,1.0,0.5284
R2,B1-small,small|C=0.01,bbox,agtron,561,0.6132,0.5905,0.0,0.5821,0.5132,0.5455,0.5166,0.8783,0.6506,1.0,0.4039,0.5754
R2,B1-small,small|C=0.01,bbox,mean,,0.5643,0.4554,0.071,,,,,,,,,
R2,B1-small,small|C=0.01,bbox,pooled,3395,0.5623,0.5262,0.0754,0.4837,0.4622,0.4727,0.5507,0.3198,0.4046,0.5956,0.8524,0.7013
R2,B1-small,small|C=0.01,pipeline,ontoum224,895,0.6849,0.613,0.0078,0.5446,0.9967,0.7044,0.7907,0.1133,0.1983,0.9241,0.9492,0.9365
R2,B1-small,small|C=0.01,pipeline,rf_robusta,1046,0.4359,0.317,0.1109,0.042,0.1791,0.068,0.52,0.1357,0.2152,0.5969,0.758,0.6678
R2,B1-small,small|C=0.01,pipeline,rf_boos,893,0.3337,0.1757,0.2654,0.0,0.0,0.0,0.0,0.0,0.0,0.3577,1.0,0.527
R2,B1-small,small|C=0.01,pipeline,agtron,561,0.6132,0.5905,0.0,0.5821,0.5132,0.5455,0.5166,0.8783,0.6506,1.0,0.4039,0.5754
R2,B1-small,small|C=0.01,pipeline,mean,,0.5169,0.424,0.096,,,,,,,,,
R2,B1-small,small|C=0.01,pipeline,pooled,3395,0.504,0.4656,0.106,0.388,0.473,0.4263,0.4863,0.2303,0.3126,0.5656,0.7864,0.658
R2,B1-small,small|C=0.1,bbox,ontoum224,895,0.6682,0.6262,0.0112,0.5486,0.9967,0.7077,0.5657,0.1867,0.2807,0.9681,0.8237,0.8901
R2,B1-small,small|C=0.1,bbox,rf_robusta,1046,0.5641,0.3844,0.0172,0.0508,0.0896,0.0649,0.6185,0.2234,0.3282,0.6318,0.954,0.7602
R2,B1-small,small|C=0.1,bbox,rf_boos,893,0.3359,0.1845,0.2296,0.0,0.0,0.0,0.0213,0.0067,0.0102,0.373,1.0,0.5433
R2,B1-small,small|C=0.1,bbox,agtron,561,0.5989,0.5797,0.0,0.5616,0.5395,0.5503,0.5064,0.8609,0.6377,1.0,0.3804,0.5511
R2,B1-small,small|C=0.1,bbox,mean,,0.5418,0.4437,0.0645,,,,,,,,,
R2,B1-small,small|C=0.1,bbox,pooled,3395,0.5373,0.5022,0.0686,0.4701,0.4676,0.4688,0.4795,0.2777,0.3517,0.5862,0.8272,0.6862
R2,B1-small,small|C=0.1,pipeline,ontoum224,895,0.6682,0.6262,0.0112,0.5486,0.9967,0.7077,0.5657,0.1867,0.2807,0.9681,0.8237,0.8901
R2,B1-small,small|C=0.1,pipeline,rf_robusta,1046,0.3642,0.2381,0.1329,0.0446,0.209,0.0735,0.1148,0.0146,0.0259,0.5365,0.72,0.6149
R2,B1-small,small|C=0.1,pipeline,rf_boos,893,0.3337,0.1758,0.2643,0.0,0.0,0.0,0.0,0.0,0.0,0.3582,1.0,0.5274
R2,B1-small,small|C=0.1,pipeline,agtron,561,0.5989,0.5797,0.0,0.5616,0.5395,0.5503,0.5064,0.8609,0.6377,1.0,0.3804,0.5511
R2,B1-small,small|C=0.1,pipeline,mean,,0.4913,0.4049,0.1021,,,,,,,,,
R2,B1-small,small|C=0.1,pipeline,pooled,3395,0.4751,0.4398,0.1134,0.3798,0.4784,0.4234,0.4265,0.1997,0.272,0.5392,0.7404,0.6239
R2,B1,Lab_hist|C=0.01,bbox,ontoum224,895,0.8916,0.8902,0.0022,0.9236,0.9667,0.9446,0.881,0.79,0.833,0.8686,0.9186,0.8929
R2,B1,Lab_hist|C=0.01,bbox,rf_robusta,1046,0.5956,0.4438,0.0105,0.0847,0.1493,0.1081,0.6192,0.3633,0.4579,0.6785,0.878,0.7655
R2,B1,Lab_hist|C=0.01,bbox,rf_boos,893,0.7648,0.7637,0.0437,1.0,0.6633,0.7976,0.7343,0.6678,0.6995,0.6753,0.9631,0.7939
R2,B1,Lab_hist|C=0.01,bbox,agtron,561,0.6114,0.612,0.0,0.6667,0.6842,0.6753,0.5152,0.887,0.6518,1.0,0.3412,0.5088
R2,B1,Lab_hist|C=0.01,bbox,mean,,0.7159,0.6774,0.0141,,,,,,,,,
R2,B1,Lab_hist|C=0.01,bbox,pooled,3395,0.7208,0.7243,0.0153,0.7765,0.7419,0.7588,0.6689,0.6228,0.645,0.7369,0.8042,0.7691
R2,B1,Lab_hist|C=0.01,pipeline,ontoum224,895,0.8916,0.8902,0.0022,0.9236,0.9667,0.9446,0.881,0.79,0.833,0.8686,0.9186,0.8929
R2,B1,Lab_hist|C=0.01,pipeline,rf_robusta,1046,0.4704,0.3845,0.0612,0.0733,0.209,0.1085,0.4894,0.5282,0.508,0.6657,0.45,0.537
R2,B1,Lab_hist|C=0.01,pipeline,rf_boos,893,0.6775,0.6661,0.0437,1.0,0.5185,0.6829,0.5953,0.5134,0.5514,0.6183,1.0,0.7641
R2,B1,Lab_hist|C=0.01,pipeline,agtron,561,0.6114,0.612,0.0,0.6667,0.6842,0.6753,0.5152,0.887,0.6518,1.0,0.3412,0.5088
R2,B1,Lab_hist|C=0.01,pipeline,mean,,0.6627,0.6382,0.0268,,,,,,,,,
R2,B1,Lab_hist|C=0.01,pipeline,pooled,3395,0.6592,0.6646,0.0309,0.692,0.6892,0.6906,0.5886,0.648,0.6169,0.7227,0.6536,0.6864
R2,B1,Lab_hist|C=0.1,bbox,ontoum224,895,0.8939,0.8943,0.0022,0.9532,0.95,0.9516,0.8053,0.91,0.8545,0.9416,0.8203,0.8768
R2,B1,Lab_hist|C=0.1,bbox,rf_robusta,1046,0.588,0.4314,0.0086,0.1059,0.1343,0.1184,0.6084,0.334,0.4313,0.639,0.892,0.7446
R2,B1,Lab_hist|C=0.1,bbox,rf_boos,893,0.6394,0.618,0.0437,1.0,0.3838,0.5547,0.5248,0.5336,0.5291,0.6261,1.0,0.77
R2,B1,Lab_hist|C=0.1,bbox,agtron,561,0.5437,0.5524,0.0036,0.4329,0.9342,0.5917,0.4603,0.6043,0.5226,1.0,0.3725,0.5429
R2,B1,Lab_hist|C=0.1,bbox,mean,,0.6662,0.624,0.0145,,,,,,,,,
R2,B1,Lab_hist|C=0.1,bbox,pooled,3395,0.6748,0.6724,0.0153,0.7236,0.6473,0.6833,0.6056,0.5593,0.5815,0.7084,0.8019,0.7523
R2,B1,Lab_hist|C=0.1,pipeline,ontoum224,895,0.8939,0.8943,0.0022,0.9532,0.95,0.9516,0.8053,0.91,0.8545,0.9416,0.8203,0.8768
R2,B1,Lab_hist|C=0.1,pipeline,rf_robusta,1046,0.4149,0.3375,0.0497,0.087,0.1791,0.1171,0.4147,0.4113,0.413,0.5196,0.45,0.4823
R2,B1,Lab_hist|C=0.1,pipeline,rf_boos,893,0.3729,0.2832,0.0437,1.0,0.1178,0.2108,0.0,0.0,0.0,0.4693,1.0,0.6388
R2,B1,Lab_hist|C=0.1,pipeline,agtron,561,0.5437,0.5524,0.0036,0.4329,0.9342,0.5917,0.4603,0.6043,0.5226,1.0,0.3725,0.5429
R2,B1,Lab_hist|C=0.1,pipeline,mean,,0.5563,0.5168,0.0248,,,,,,,,,
R2,B1,Lab_hist|C=0.1,pipeline,pooled,3395,0.5514,0.5558,0.028,0.6336,0.5446,0.5858,0.4548,0.466,0.4603,0.6056,0.638,0.6214
R2,B1,Lab_hist|C=1.0,bbox,ontoum224,895,0.8983,0.8994,0.0022,0.9583,0.92,0.9388,0.8112,0.9167,0.8607,0.944,0.8576,0.8988
R2,B1,Lab_hist|C=1.0,bbox,rf_robusta,1046,0.5631,0.4019,0.0076,0.0959,0.1045,0.1,0.5605,0.2902,0.3824,0.611,0.886,0.7233
R2,B1,Lab_hist|C=1.0,bbox,rf_boos,893,0.5375,0.5021,0.0224,1.0,0.4512,0.6218,0.2513,0.1611,0.1963,0.5246,1.0,0.6882
R2,B1,Lab_hist|C=1.0,bbox,agtron,561,0.4225,0.435,0.0214,0.3077,1.0,0.4706,0.317,0.3087,0.3128,1.0,0.3529,0.5217
R2,B1,Lab_hist|C=1.0,bbox,mean,,0.6053,0.5596,0.0134,,,,,,,,,
R2,B1,Lab_hist|C=1.0,bbox,pooled,3395,0.6215,0.6166,0.0124,0.6644,0.6662,0.6653,0.5319,0.4078,0.4617,0.6566,0.8042,0.7229
R2,B1,Lab_hist|C=1.0,pipeline,ontoum224,895,0.8983,0.8994,0.0022,0.9583,0.92,0.9388,0.8112,0.9167,0.8607,0.944,0.8576,0.8988
R2,B1,Lab_hist|C=1.0,pipeline,rf_robusta,1046,0.392,0.3129,0.0612,0.0604,0.1343,0.0833,0.4,0.3883,0.3941,0.4977,0.43,0.4614
R2,B1,Lab_hist|C=1.0,pipeline,rf_boos,893,0.4132,0.3416,0.0437,1.0,0.2391,0.3859,0.0,0.0,0.0,0.4693,1.0,0.6388
R2,B1,Lab_hist|C=1.0,pipeline,agtron,561,0.4225,0.435,0.0214,0.3077,1.0,0.4706,0.317,0.3087,0.3128,1.0,0.3529,0.5217
R2,B1,Lab_hist|C=1.0,pipeline,mean,,0.5315,0.4972,0.0321,,,,,,,,,
R2,B1,Lab_hist|C=1.0,pipeline,pooled,3395,0.5361,0.5391,0.0345,0.5722,0.5838,0.5779,0.4379,0.407,0.4219,0.6007,0.635,0.6174
R2,B1,Lab_hist|C=10.0,bbox,ontoum224,895,0.838,0.8407,0.0011,0.987,0.76,0.8588,0.7167,0.86,0.7818,0.8684,0.8949,0.8815
R2,B1,Lab_hist|C=10.0,bbox,rf_robusta,1046,0.5105,0.3596,0.0105,0.0875,0.1045,0.0952,0.4538,0.2255,0.3013,0.5755,0.838,0.6824
R2,B1,Lab_hist|C=10.0,bbox,rf_boos,893,0.5286,0.4868,0.0123,1.0,0.4882,0.6561,0.1706,0.0973,0.1239,0.5156,1.0,0.6804
R2,B1,Lab_hist|C=10.0,bbox,agtron,561,0.3547,0.3686,0.0232,0.2724,1.0,0.4282,0.201,0.1739,0.1865,1.0,0.3255,0.4911
R2,B1,Lab_hist|C=10.0,bbox,mean,,0.5579,0.5139,0.0118,,,,,,,,,
R2,B1,Lab_hist|C=10.0,bbox,pooled,3395,0.5758,0.5669,0.0106,0.6204,0.6162,0.6183,0.4498,0.3328,0.3826,0.6285,0.7893,0.6998
R2,B1,Lab_hist|C=10.0,pipeline,ontoum224,895,0.838,0.8407,0.0011,0.987,0.76,0.8588,0.7167,0.86,0.7818,0.8684,0.8949,0.8815
R2,B1,Lab_hist|C=10.0,pipeline,rf_robusta,1046,0.3862,0.3111,0.0736,0.0645,0.1493,0.0901,0.4073,0.3946,0.4008,0.4801,0.41,0.4423
R2,B1,Lab_hist|C=10.0,pipeline,rf_boos,893,0.4244,0.3558,0.0437,1.0,0.2727,0.4286,0.0,0.0,0.0,0.4693,1.0,0.6388
R2,B1,Lab_hist|C=10.0,pipeline,agtron,561,0.3547,0.3686,0.0232,0.2724,1.0,0.4282,0.201,0.1739,0.1865,1.0,0.3255,0.4911
R2,B1,Lab_hist|C=10.0,pipeline,mean,,0.5008,0.469,0.0354,,,,,,,,,
R2,B1,Lab_hist|C=10.0,pipeline,pooled,3395,0.5102,0.5093,0.0383,0.5295,0.5338,0.5316,0.4058,0.3726,0.3885,0.5866,0.6306,0.6078
