source,label,n,L_med_p25,L_med_median,L_med_p75,a_med_p25,a_med_median,a_med_p75,b_med_p25,b_med_median,b_med_p75
ontoum224,light,300,41.69,47.01,51.42,5.88,7.77,9.36,34.56,37.91,41.81
ontoum224,medium,300,24.94,28.86,31.16,4.95,5.78,6.62,17.37,18.93,21.04
ontoum224,dark,295,18.1,21.43,24.07,2.58,3.18,3.8,6.62,8.28,10.09
rf_hendi,light,433,43.34,46.41,49.84,0.81,1.42,3.47,19.34,21.41,23.12
rf_hendi,medium,560,45.61,47.41,49.11,3.95,4.41,5.52,20.26,21.48,23.81
rf_hendi,dark,519,37.46,38.38,39.83,1.72,1.95,2.3,5.12,5.94,6.45
rf_robusta,light,67,29.92,31.34,34.59,8.76,9.22,9.78,16.65,17.69,19.14
rf_robusta,medium,479,30.14,42.9,59.6,1.65,5.48,8.55,6.54,10.8,14.32
rf_robusta,dark,500,19.6,28.47,47.2,0.61,1.47,3.25,0.51,2.73,6.49
rf_boos,light,297,44.77,47.77,50.13,1.92,2.36,2.83,-3.95,-2.42,-1.41
rf_boos,medium,298,30.28,33.49,34.11,1.68,1.99,2.58,-2.52,-2.29,-1.19
rf_boos,dark,298,5.05,25.6,27.03,1.7,1.87,2.26,-2.29,-1.48,-1.31
agtron,light,76,32.71,34.63,36.98,9.21,11.04,14.57,24.57,26.83,28.27
agtron,medium,230,26.69,29.43,31.2,9.03,10.95,12.95,20.2,22.43,24.91
agtron,dark,255,13.52,17.55,20.8,4.73,6.53,9.53,4.66,9.11,13.26
